FunctionName;FunctionSignature;Ploc;Bloc;FullPath;LineNo
GlimpseDatabase;void GlimpseDatabase();22;20;app/src/main/kotlin/com/android/synclab/glimpse/infra/repository/roomdb/core/GlimpseDatabase.kt;0
controllerProfileDao;com.android.synclab.glimpse.infra.repository.roomdb.core.ControllerProfileDao controllerProfileDao();1;1;app/src/main/kotlin/com/android/synclab/glimpse/infra/repository/roomdb/core/GlimpseDatabase.kt;0
component3;int component3();2;2;app/src/main/kotlin/com/android/synclab/glimpse/infra/repository/roomdb/core/ControllerProfileEntity.kt;0
component1;String component1();3;3;app/src/main/kotlin/com/android/synclab/glimpse/infra/repository/roomdb/core/ControllerProfileEntity.kt;0
copy;com.android.synclab.glimpse.infra.repository.roomdb.core.ControllerProfileEntity copy(String, String, int);9;9;app/src/main/kotlin/com/android/synclab/glimpse/infra/repository/roomdb/core/ControllerProfileEntity.kt;0
equals;boolean equals(Object);10;10;app/src/main/kotlin/com/android/synclab/glimpse/infra/repository/roomdb/core/ControllerProfileEntity.kt;0
getLightbarColor;int getLightbarColor();2;2;app/src/main/kotlin/com/android/synclab/glimpse/infra/repository/roomdb/core/ControllerProfileEntity.kt;0
hashCode;int hashCode();10;10;app/src/main/kotlin/com/android/synclab/glimpse/infra/repository/roomdb/core/ControllerProfileEntity.kt;0
component2;String component2();2;2;app/src/main/kotlin/com/android/synclab/glimpse/infra/repository/roomdb/core/ControllerProfileEntity.kt;0
toString;String toString();10;10;app/src/main/kotlin/com/android/synclab/glimpse/infra/repository/roomdb/core/ControllerProfileEntity.kt;0
getDeviceName;String getDeviceName();2;2;app/src/main/kotlin/com/android/synclab/glimpse/infra/repository/roomdb/core/ControllerProfileEntity.kt;0
getId;String getId();3;3;app/src/main/kotlin/com/android/synclab/glimpse/infra/repository/roomdb/core/ControllerProfileEntity.kt;0
ControllerProfileEntity;void ControllerProfileEntity(String, String, int);9;9;app/src/main/kotlin/com/android/synclab/glimpse/infra/repository/roomdb/core/ControllerProfileEntity.kt;0
invoke;com.android.synclab.glimpse.data.model.ControllerLightCommandResult invoke(int);3;3;app/src/main/kotlin/com/android/synclab/glimpse/domain/usecase/SetPs4ControllerLightColorUseCase.kt;0
getConnectedPs4Controllers;java.util.List getConnectedPs4Controllers(String);1;1;app/src/main/kotlin/com/android/synclab/glimpse/base/contracts/GamepadRepository.kt;0
setPs4ControllerLightColor;com.android.synclab.glimpse.data.model.ControllerLightCommandResult setPs4ControllerLightColor(int);1;1;app/src/main/kotlin/com/android/synclab/glimpse/base/contracts/GamepadRepository.kt;0
closeControllerLightSession;void closeControllerLightSession(String);1;1;app/src/main/kotlin/com/android/synclab/glimpse/base/contracts/GamepadRepository.kt;0
getPrimaryGamepadBatterySnapshot;com.android.synclab.glimpse.data.model.GamepadBatterySnapshot getPrimaryGamepadBatterySnapshot(String);1;1;app/src/main/kotlin/com/android/synclab/glimpse/base/contracts/GamepadRepository.kt;0
invoke;void invoke(com.android.synclab.glimpse.data.model.ControllerProfile);3;3;app/src/main/kotlin/com/android/synclab/glimpse/domain/usecase/UpsertControllerProfileUseCase.kt;0
getById;com.android.synclab.glimpse.data.model.ControllerProfile getById(String);1;1;app/src/main/kotlin/com/android/synclab/glimpse/base/contracts/ControllerProfileRepository.kt;0
upsert;void upsert(com.android.synclab.glimpse.data.model.ControllerProfile);1;1;app/src/main/kotlin/com/android/synclab/glimpse/base/contracts/ControllerProfileRepository.kt;0
deleteById;void deleteById(String);1;1;app/src/main/kotlin/com/android/synclab/glimpse/base/contracts/ControllerProfileRepository.kt;0
getDeviceId;int getDeviceId();1;1;app/src/main/kotlin/com/android/synclab/glimpse/data/model/ControllerInfo.kt;0
getProductId;int getProductId();1;1;app/src/main/kotlin/com/android/synclab/glimpse/data/model/ControllerInfo.kt;0
component3;int component3();1;1;app/src/main/kotlin/com/android/synclab/glimpse/data/model/ControllerInfo.kt;0
component7;com.android.synclab.glimpse.data.model.BatteryChargeStatus component7();1;1;app/src/main/kotlin/com/android/synclab/glimpse/data/model/ControllerInfo.kt;0
hashCode;int hashCode();9;9;app/src/main/kotlin/com/android/synclab/glimpse/data/model/ControllerInfo.kt;0
getDescriptor;String getDescriptor();1;1;app/src/main/kotlin/com/android/synclab/glimpse/data/model/ControllerInfo.kt;0
component1;int component1();1;1;app/src/main/kotlin/com/android/synclab/glimpse/data/model/ControllerInfo.kt;0
toString;String toString();9;9;app/src/main/kotlin/com/android/synclab/glimpse/data/model/ControllerInfo.kt;0
getName;String getName();1;1;app/src/main/kotlin/com/android/synclab/glimpse/data/model/ControllerInfo.kt;0
component4;int component4();1;1;app/src/main/kotlin/com/android/synclab/glimpse/data/model/ControllerInfo.kt;0
component5;String component5();1;1;app/src/main/kotlin/com/android/synclab/glimpse/data/model/ControllerInfo.kt;0
component6;Integer component6();1;1;app/src/main/kotlin/com/android/synclab/glimpse/data/model/ControllerInfo.kt;0
equals;boolean equals(Object);9;9;app/src/main/kotlin/com/android/synclab/glimpse/data/model/ControllerInfo.kt;0
getBatteryStatus;com.android.synclab.glimpse.data.model.BatteryChargeStatus getBatteryStatus();1;1;app/src/main/kotlin/com/android/synclab/glimpse/data/model/ControllerInfo.kt;0
ControllerInfo;void ControllerInfo(int, String, int, int, String, Integer, com.android.synclab.glimpse.data.model.BatteryChargeStatus);9;9;app/src/main/kotlin/com/android/synclab/glimpse/data/model/ControllerInfo.kt;0
getVendorId;int getVendorId();1;1;app/src/main/kotlin/com/android/synclab/glimpse/data/model/ControllerInfo.kt;0
copy;com.android.synclab.glimpse.data.model.ControllerInfo copy(int, String, int, int, String, Integer, com.android.synclab.glimpse.data.model.BatteryChargeStatus);9;9;app/src/main/kotlin/com/android/synclab/glimpse/data/model/ControllerInfo.kt;0
component2;String component2();1;1;app/src/main/kotlin/com/android/synclab/glimpse/data/model/ControllerInfo.kt;0
getBatteryPercent;Integer getBatteryPercent();1;1;app/src/main/kotlin/com/android/synclab/glimpse/data/model/ControllerInfo.kt;0
values;com.android.synclab.glimpse.data.model.BatteryChargeStatus[] values();7;7;app/src/main/kotlin/com/android/synclab/glimpse/data/model/BatteryChargeStatus.kt;0
BatteryChargeStatus;void BatteryChargeStatus(String, int);7;7;app/src/main/kotlin/com/android/synclab/glimpse/data/model/BatteryChargeStatus.kt;0
valueOf;com.android.synclab.glimpse.data.model.BatteryChargeStatus valueOf(String);7;7;app/src/main/kotlin/com/android/synclab/glimpse/data/model/BatteryChargeStatus.kt;0
getEntries;kotlin.enums.EnumEntries getEntries();7;7;app/src/main/kotlin/com/android/synclab/glimpse/data/model/BatteryChargeStatus.kt;0
invoke;com.android.synclab.glimpse.data.model.ControllerProfile invoke(String);3;3;app/src/main/kotlin/com/android/synclab/glimpse/domain/usecase/GetControllerProfileUseCase.kt;0
clearOnViewModelChange;void clearOnViewModelChange();3;3;app/src/main/kotlin/com/android/synclab/glimpse/presentation/viewmodel/MainViewModel.kt;0
refreshControllerInfo;void refreshControllerInfo(String, com.android.synclab.glimpse.presentation.model.EventChangeParam$Source);68;63;app/src/main/kotlin/com/android/synclab/glimpse/presentation/viewmodel/MainViewModel.kt;0
currentUiState;com.android.synclab.glimpse.presentation.model.MainUiState currentUiState();3;3;app/src/main/kotlin/com/android/synclab/glimpse/presentation/viewmodel/MainViewModel.kt;0
buildControllerUniqueId;String buildControllerUniqueId(com.android.synclab.glimpse.data.model.ControllerInfo);7;7;app/src/main/kotlin/com/android/synclab/glimpse/presentation/viewmodel/MainViewModel.kt;0
updateState;void updateState(com.android.synclab.glimpse.presentation.model.MainUiState, com.android.synclab.glimpse.presentation.model.EventChangeParam$EventType, com.android.synclab.glimpse.presentation.model.EventChangeParam$Source, boolean);28;28;app/src/main/kotlin/com/android/synclab/glimpse/presentation/viewmodel/MainViewModel.kt;0
maskIdentifier;String maskIdentifier(String);3;3;app/src/main/kotlin/com/android/synclab/glimpse/presentation/viewmodel/MainViewModel.kt;0
syncServiceState;void syncServiceState(com.android.synclab.glimpse.presentation.model.EventChangeParam$Source, boolean);16;16;app/src/main/kotlin/com/android/synclab/glimpse/presentation/viewmodel/MainViewModel.kt;0
setOnViewModelChange;void setOnViewModelChange(kotlin.jvm.functions.Function1);11;11;app/src/main/kotlin/com/android/synclab/glimpse/presentation/viewmodel/MainViewModel.kt;0
component1;com.android.synclab.glimpse.presentation.model.MainUiState$ConnectionState component1();1;1;app/src/main/kotlin/com/android/synclab/glimpse/presentation/model/MainUiState.kt;0
getControllerUniqueId;String getControllerUniqueId();1;1;app/src/main/kotlin/com/android/synclab/glimpse/presentation/model/MainUiState.kt;0
getConnectionState;com.android.synclab.glimpse.presentation.model.MainUiState$ConnectionState getConnectionState();1;1;app/src/main/kotlin/com/android/synclab/glimpse/presentation/model/MainUiState.kt;0
component7;boolean component7();1;1;app/src/main/kotlin/com/android/synclab/glimpse/presentation/model/MainUiState.kt;0
copy;com.android.synclab.glimpse.presentation.model.MainUiState copy(com.android.synclab.glimpse.presentation.model.MainUiState$ConnectionState, Integer, com.android.synclab.glimpse.data.model.BatteryChargeStatus, String, String, String, boolean, boolean, boolean);11;11;app/src/main/kotlin/com/android/synclab/glimpse/presentation/model/MainUiState.kt;0
toString;String toString();18;18;app/src/main/kotlin/com/android/synclab/glimpse/presentation/model/MainUiState.kt;0
component6;String component6();1;1;app/src/main/kotlin/com/android/synclab/glimpse/presentation/model/MainUiState.kt;0
component5;String component5();1;1;app/src/main/kotlin/com/android/synclab/glimpse/presentation/model/MainUiState.kt;0
getControllerName;String getControllerName();1;1;app/src/main/kotlin/com/android/synclab/glimpse/presentation/model/MainUiState.kt;0
MainUiState;void MainUiState(com.android.synclab.glimpse.presentation.model.MainUiState$ConnectionState, Integer, com.android.synclab.glimpse.data.model.BatteryChargeStatus, String, String, String, boolean, boolean, boolean);11;11;app/src/main/kotlin/com/android/synclab/glimpse/presentation/model/MainUiState.kt;0
getBatteryStatus;com.android.synclab.glimpse.data.model.BatteryChargeStatus getBatteryStatus();1;1;app/src/main/kotlin/com/android/synclab/glimpse/presentation/model/MainUiState.kt;0
isOverlayVisible;boolean isOverlayVisible();1;1;app/src/main/kotlin/com/android/synclab/glimpse/presentation/model/MainUiState.kt;0
getBatteryPercent;Integer getBatteryPercent();1;1;app/src/main/kotlin/com/android/synclab/glimpse/presentation/model/MainUiState.kt;0
component9;boolean component9();1;1;app/src/main/kotlin/com/android/synclab/glimpse/presentation/model/MainUiState.kt;0
isServiceRunning;boolean isServiceRunning();1;1;app/src/main/kotlin/com/android/synclab/glimpse/presentation/model/MainUiState.kt;0
hashCode;int hashCode();18;18;app/src/main/kotlin/com/android/synclab/glimpse/presentation/model/MainUiState.kt;0
getControllerDescriptor;String getControllerDescriptor();1;1;app/src/main/kotlin/com/android/synclab/glimpse/presentation/model/MainUiState.kt;0
component2;Integer component2();1;1;app/src/main/kotlin/com/android/synclab/glimpse/presentation/model/MainUiState.kt;0
isMonitoringEnabled;boolean isMonitoringEnabled();1;1;app/src/main/kotlin/com/android/synclab/glimpse/presentation/model/MainUiState.kt;0
component3;com.android.synclab.glimpse.data.model.BatteryChargeStatus component3();1;1;app/src/main/kotlin/com/android/synclab/glimpse/presentation/model/MainUiState.kt;0
equals;boolean equals(Object);18;18;app/src/main/kotlin/com/android/synclab/glimpse/presentation/model/MainUiState.kt;0
component8;boolean component8();1;1;app/src/main/kotlin/com/android/synclab/glimpse/presentation/model/MainUiState.kt;0
component4;String component4();1;1;app/src/main/kotlin/com/android/synclab/glimpse/presentation/model/MainUiState.kt;0
values;com.android.synclab.glimpse.presentation.model.EventChangeParam$EventType[] values();5;5;app/src/main/kotlin/com/android/synclab/glimpse/presentation/model/EventChangeParam.kt;0
EventChangeParam$EventType;void EventChangeParam$EventType(String, int);5;5;app/src/main/kotlin/com/android/synclab/glimpse/presentation/model/EventChangeParam.kt;0
valueOf;com.android.synclab.glimpse.presentation.model.EventChangeParam$EventType valueOf(String);5;5;app/src/main/kotlin/com/android/synclab/glimpse/presentation/model/EventChangeParam.kt;0
getEntries;kotlin.enums.EnumEntries getEntries();4;4;app/src/main/kotlin/com/android/synclab/glimpse/presentation/model/EventChangeParam.kt;0
EventChangeParam$Source;void EventChangeParam$Source(String, int);4;4;app/src/main/kotlin/com/android/synclab/glimpse/presentation/model/EventChangeParam.kt;0
values;com.android.synclab.glimpse.presentation.model.EventChangeParam$Source[] values();4;4;app/src/main/kotlin/com/android/synclab/glimpse/presentation/model/EventChangeParam.kt;0
valueOf;com.android.synclab.glimpse.presentation.model.EventChangeParam$Source valueOf(String);4;4;app/src/main/kotlin/com/android/synclab/glimpse/presentation/model/EventChangeParam.kt;0
component3;com.android.synclab.glimpse.presentation.model.EventChangeParam$Source component3();1;1;app/src/main/kotlin/com/android/synclab/glimpse/presentation/model/EventChangeParam.kt;0
component5;long component5();1;1;app/src/main/kotlin/com/android/synclab/glimpse/presentation/model/EventChangeParam.kt;0
hashCode;int hashCode();18;17;app/src/main/kotlin/com/android/synclab/glimpse/presentation/model/EventChangeParam.kt;0
component2;com.android.synclab.glimpse.presentation.model.EventChangeParam$EventType component2();1;1;app/src/main/kotlin/com/android/synclab/glimpse/presentation/model/EventChangeParam.kt;0
toString;String toString();18;17;app/src/main/kotlin/com/android/synclab/glimpse/presentation/model/EventChangeParam.kt;0
EventChangeParam;void EventChangeParam(com.android.synclab.glimpse.presentation.model.MainUiState, com.android.synclab.glimpse.presentation.model.EventChangeParam$EventType, com.android.synclab.glimpse.presentation.model.EventChangeParam$Source, String, long);7;7;app/src/main/kotlin/com/android/synclab/glimpse/presentation/model/EventChangeParam.kt;0
getState;com.android.synclab.glimpse.presentation.model.MainUiState getState();1;1;app/src/main/kotlin/com/android/synclab/glimpse/presentation/model/EventChangeParam.kt;0
copy;com.android.synclab.glimpse.presentation.model.EventChangeParam copy(com.android.synclab.glimpse.presentation.model.MainUiState, com.android.synclab.glimpse.presentation.model.EventChangeParam$EventType, com.android.synclab.glimpse.presentation.model.EventChangeParam$Source, String, long);7;7;app/src/main/kotlin/com/android/synclab/glimpse/presentation/model/EventChangeParam.kt;0
getTimestampMs;long getTimestampMs();1;1;app/src/main/kotlin/com/android/synclab/glimpse/presentation/model/EventChangeParam.kt;0
getSource;com.android.synclab.glimpse.presentation.model.EventChangeParam$Source getSource();1;1;app/src/main/kotlin/com/android/synclab/glimpse/presentation/model/EventChangeParam.kt;0
equals;boolean equals(Object);18;17;app/src/main/kotlin/com/android/synclab/glimpse/presentation/model/EventChangeParam.kt;0
getEventType;com.android.synclab.glimpse.presentation.model.EventChangeParam$EventType getEventType();1;1;app/src/main/kotlin/com/android/synclab/glimpse/presentation/model/EventChangeParam.kt;0
component4;String component4();1;1;app/src/main/kotlin/com/android/synclab/glimpse/presentation/model/EventChangeParam.kt;0
getNote;String getNote();1;1;app/src/main/kotlin/com/android/synclab/glimpse/presentation/model/EventChangeParam.kt;0
component1;com.android.synclab.glimpse.presentation.model.MainUiState component1();1;1;app/src/main/kotlin/com/android/synclab/glimpse/presentation/model/EventChangeParam.kt;0
w;void w(String, Throwable);3;3;app/src/main/kotlin/com/android/synclab/glimpse/utils/LogCompat.kt;0
e;void e(String, Throwable);3;3;app/src/main/kotlin/com/android/synclab/glimpse/utils/LogCompat.kt;0
w;void w(String);3;3;app/src/main/kotlin/com/android/synclab/glimpse/utils/LogCompat.kt;0
LogCompat;void LogCompat();35;28;app/src/main/kotlin/com/android/synclab/glimpse/utils/LogCompat.kt;0
isDebugBuild;boolean isDebugBuild();1;1;app/src/main/kotlin/com/android/synclab/glimpse/utils/LogCompat.kt;0
d;void d(String);3;3;app/src/main/kotlin/com/android/synclab/glimpse/utils/LogCompat.kt;0
i;void i(String);3;3;app/src/main/kotlin/com/android/synclab/glimpse/utils/LogCompat.kt;0
e;void e(String);3;3;app/src/main/kotlin/com/android/synclab/glimpse/utils/LogCompat.kt;0
unregisterInputDeviceListener;void unregisterInputDeviceListener(android.hardware.input.InputManager$InputDeviceListener);3;3;app/src/main/kotlin/com/android/synclab/glimpse/infra/input/InputDeviceGateway.kt;0
registerInputDeviceListener;void registerInputDeviceListener(android.hardware.input.InputManager$InputDeviceListener, android.os.Handler);3;3;app/src/main/kotlin/com/android/synclab/glimpse/infra/input/InputDeviceGateway.kt;0
getInputDevices;java.util.List getInputDevices();10;10;app/src/main/kotlin/com/android/synclab/glimpse/infra/input/InputDeviceGateway.kt;0
isInputManagerAvailable;boolean isInputManagerAvailable();3;3;app/src/main/kotlin/com/android/synclab/glimpse/infra/input/InputDeviceGateway.kt;0
valueOf;com.android.synclab.glimpse.presentation.model.MainUiState$ConnectionState valueOf(String);6;6;app/src/main/kotlin/com/android/synclab/glimpse/presentation/model/MainUiState.kt;0
MainUiState$ConnectionState;void MainUiState$ConnectionState(String, int);6;6;app/src/main/kotlin/com/android/synclab/glimpse/presentation/model/MainUiState.kt;0
getEntries;kotlin.enums.EnumEntries getEntries();6;6;app/src/main/kotlin/com/android/synclab/glimpse/presentation/model/MainUiState.kt;0
values;com.android.synclab.glimpse.presentation.model.MainUiState$ConnectionState[] values();6;6;app/src/main/kotlin/com/android/synclab/glimpse/presentation/model/MainUiState.kt;0
invoke;java.util.List invoke(String);3;3;app/src/main/kotlin/com/android/synclab/glimpse/domain/usecase/GetConnectedPs4ControllersUseCase.kt;0
ControllerLightCommandStatus;void ControllerLightCommandStatus(String, int);8;8;app/src/main/kotlin/com/android/synclab/glimpse/data/model/ControllerLightCommandResult.kt;0
values;com.android.synclab.glimpse.data.model.ControllerLightCommandStatus[] values();8;8;app/src/main/kotlin/com/android/synclab/glimpse/data/model/ControllerLightCommandResult.kt;0
getEntries;kotlin.enums.EnumEntries getEntries();8;8;app/src/main/kotlin/com/android/synclab/glimpse/data/model/ControllerLightCommandResult.kt;0
valueOf;com.android.synclab.glimpse.data.model.ControllerLightCommandStatus valueOf(String);8;8;app/src/main/kotlin/com/android/synclab/glimpse/data/model/ControllerLightCommandResult.kt;0
GlimpseDatabase$Companion;void GlimpseDatabase$Companion();13;12;app/src/main/kotlin/com/android/synclab/glimpse/infra/repository/roomdb/core/GlimpseDatabase.kt;0
create;com.android.synclab.glimpse.infra.repository.roomdb.core.GlimpseDatabase create(android.content.Context);9;9;app/src/main/kotlin/com/android/synclab/glimpse/infra/repository/roomdb/core/GlimpseDatabase.kt;0
batteryStatusLabel;String batteryStatusLabel(com.android.synclab.glimpse.data.model.BatteryChargeStatus);9;9;app/src/main/kotlin/com/android/synclab/glimpse/presentation/MainActivity.kt;0
isDiagnosticInputDeviceLoggingEnabled;boolean isDiagnosticInputDeviceLoggingEnabled();3;3;app/src/main/kotlin/com/android/synclab/glimpse/presentation/MainActivity.kt;0
MainActivity;void MainActivity();925;827;app/src/main/kotlin/com/android/synclab/glimpse/presentation/MainActivity.kt;0
maskIdentifier;String maskIdentifier(String);3;3;app/src/main/kotlin/com/android/synclab/glimpse/presentation/MainActivity.kt;0
handleControllerProfileState;void handleControllerProfileState(com.android.synclab.glimpse.presentation.model.MainUiState);38;35;app/src/main/kotlin/com/android/synclab/glimpse/presentation/MainActivity.kt;0
renderSettingItems;void renderSettingItems(com.android.synclab.glimpse.presentation.model.MainUiState);54;52;app/src/main/kotlin/com/android/synclab/glimpse/presentation/MainActivity.kt;0
shouldRequestNotificationPermission;boolean shouldRequestNotificationPermission();7;7;app/src/main/kotlin/com/android/synclab/glimpse/presentation/MainActivity.kt;0
logInputDeviceCallback;void logInputDeviceCallback(String, int);56;51;app/src/main/kotlin/com/android/synclab/glimpse/presentation/MainActivity.kt;0
setupToolbarMenu;void setupToolbarMenu();12;12;app/src/main/kotlin/com/android/synclab/glimpse/presentation/MainActivity.kt;0
onResume;void onResume();15;15;app/src/main/kotlin/com/android/synclab/glimpse/presentation/MainActivity.kt;0
ensureForegroundPermissions;boolean ensureForegroundPermissions(boolean);27;25;app/src/main/kotlin/com/android/synclab/glimpse/presentation/MainActivity.kt;0
updateBatteryUi;void updateBatteryUi(Integer, com.android.synclab.glimpse.data.model.BatteryChargeStatus);17;16;app/src/main/kotlin/com/android/synclab/glimpse/presentation/MainActivity.kt;0
showConfigDialog;void showConfigDialog();100;92;app/src/main/kotlin/com/android/synclab/glimpse/presentation/MainActivity.kt;0
requestControllerRefresh;void requestControllerRefresh(com.android.synclab.glimpse.presentation.model.EventChangeParam$Source);16;16;app/src/main/kotlin/com/android/synclab/glimpse/presentation/MainActivity.kt;0
persistControllerProfile;void persistControllerProfile(int);30;30;app/src/main/kotlin/com/android/synclab/glimpse/presentation/MainActivity.kt;0
onPause;void onPause();6;6;app/src/main/kotlin/com/android/synclab/glimpse/presentation/MainActivity.kt;0
handleBluetoothPermissionResult;void handleBluetoothPermissionResult(int[]);18;17;app/src/main/kotlin/com/android/synclab/glimpse/presentation/MainActivity.kt;0
startMonitoring;void startMonitoring();10;9;app/src/main/kotlin/com/android/synclab/glimpse/presentation/MainActivity.kt;0
dpToPx;float dpToPx(float);1;1;app/src/main/kotlin/com/android/synclab/glimpse/presentation/MainActivity.kt;0
updateControllerUniqueIdUi;void updateControllerUniqueIdUi(String);6;6;app/src/main/kotlin/com/android/synclab/glimpse/presentation/MainActivity.kt;0
handleSettingToggleChanged;void handleSettingToggleChanged(com.android.synclab.glimpse.presentation.model.SettingItemUiModel$ItemId, boolean);47;43;app/src/main/kotlin/com/android/synclab/glimpse/presentation/MainActivity.kt;0
keyboardTypeLabel;String keyboardTypeLabel(int);8;8;app/src/main/kotlin/com/android/synclab/glimpse/presentation/MainActivity.kt;0
showCustomizeVibeDialog;void showCustomizeVibeDialog();31;30;app/src/main/kotlin/com/android/synclab/glimpse/presentation/MainActivity.kt;0
showToast;void showToast(int);3;3;app/src/main/kotlin/com/android/synclab/glimpse/presentation/MainActivity.kt;0
refreshSettingsStateLater;void refreshSettingsStateLater(long);8;8;app/src/main/kotlin/com/android/synclab/glimpse/presentation/MainActivity.kt;0
applyChargingIconGlow;void applyChargingIconGlow(boolean);21;18;app/src/main/kotlin/com/android/synclab/glimpse/presentation/MainActivity.kt;0
renderUiState;void renderUiState(com.android.synclab.glimpse.presentation.model.MainUiState);31;26;app/src/main/kotlin/com/android/synclab/glimpse/presentation/MainActivity.kt;0
onRequestPermissionsResult;void onRequestPermissionsResult(int, String[], int[]);43;38;app/src/main/kotlin/com/android/synclab/glimpse/presentation/MainActivity.kt;0
setupSettingsLists;void setupSettingsLists();10;10;app/src/main/kotlin/com/android/synclab/glimpse/presentation/MainActivity.kt;0
dispatchServiceAction;boolean dispatchServiceAction(String, boolean);30;27;app/src/main/kotlin/com/android/synclab/glimpse/presentation/MainActivity.kt;0
toHexColor;String toHexColor(int);3;3;app/src/main/kotlin/com/android/synclab/glimpse/presentation/MainActivity.kt;0
onCreate;void onCreate(android.os.Bundle);56;51;app/src/main/kotlin/com/android/synclab/glimpse/presentation/MainActivity.kt;0
onDestroy;void onDestroy();12;12;app/src/main/kotlin/com/android/synclab/glimpse/presentation/MainActivity.kt;0
shouldRequestBluetoothConnectPermission;boolean shouldRequestBluetoothConnectPermission();7;7;app/src/main/kotlin/com/android/synclab/glimpse/presentation/MainActivity.kt;0
handleSettingItemClicked;void handleSettingItemClicked(com.android.synclab.glimpse.presentation.model.SettingItemUiModel$ItemId);14;12;app/src/main/kotlin/com/android/synclab/glimpse/presentation/MainActivity.kt;0
requestOverlayPermission;void requestOverlayPermission();20;19;app/src/main/kotlin/com/android/synclab/glimpse/presentation/MainActivity.kt;0
loadControllerProfile;void loadControllerProfile(String);39;38;app/src/main/kotlin/com/android/synclab/glimpse/presentation/MainActivity.kt;0
bindViewModelObserver;void bindViewModelObserver();12;12;app/src/main/kotlin/com/android/synclab/glimpse/presentation/MainActivity.kt;0
provideOverlayWindowController;com.android.synclab.glimpse.infra.overlay.OverlayWindowController provideOverlayWindowController(android.content.Context);3;3;app/src/main/kotlin/com/android/synclab/glimpse/di/AppContainer.kt;0
provideMonitoringNotificationController;com.android.synclab.glimpse.infra.notification.MonitoringNotificationController provideMonitoringNotificationController(android.app.Service, String, String);7;7;app/src/main/kotlin/com/android/synclab/glimpse/di/AppContainer.kt;0
provideDeleteControllerProfileUseCase;com.android.synclab.glimpse.domain.usecase.DeleteControllerProfileUseCase provideDeleteControllerProfileUseCase();3;3;app/src/main/kotlin/com/android/synclab/glimpse/di/AppContainer.kt;0
provideConnectedPs4ControllersUseCase;com.android.synclab.glimpse.domain.usecase.GetConnectedPs4ControllersUseCase provideConnectedPs4ControllersUseCase();3;3;app/src/main/kotlin/com/android/synclab/glimpse/di/AppContainer.kt;0
provideGetControllerProfileUseCase;com.android.synclab.glimpse.domain.usecase.GetControllerProfileUseCase provideGetControllerProfileUseCase();3;3;app/src/main/kotlin/com/android/synclab/glimpse/di/AppContainer.kt;0
provideUpsertControllerProfileUseCase;com.android.synclab.glimpse.domain.usecase.UpsertControllerProfileUseCase provideUpsertControllerProfileUseCase();3;3;app/src/main/kotlin/com/android/synclab/glimpse/di/AppContainer.kt;0
provideSetPs4ControllerLightColorUseCase;com.android.synclab.glimpse.domain.usecase.SetPs4ControllerLightColorUseCase provideSetPs4ControllerLightColorUseCase();3;3;app/src/main/kotlin/com/android/synclab/glimpse/di/AppContainer.kt;0
provideMonitoringStateProvider;com.android.synclab.glimpse.base.contracts.MonitoringStateProvider provideMonitoringStateProvider();3;3;app/src/main/kotlin/com/android/synclab/glimpse/di/AppContainer.kt;0
provideClosePs4ControllerLightSessionUseCase;com.android.synclab.glimpse.domain.usecase.ClosePs4ControllerLightSessionUseCase provideClosePs4ControllerLightSessionUseCase();3;3;app/src/main/kotlin/com/android/synclab/glimpse/di/AppContainer.kt;0
provideInputDeviceGateway;com.android.synclab.glimpse.infra.input.InputDeviceGateway provideInputDeviceGateway();3;3;app/src/main/kotlin/com/android/synclab/glimpse/di/AppContainer.kt;0
providePrimaryGamepadBatteryUseCase;com.android.synclab.glimpse.domain.usecase.GetPrimaryGamepadBatteryUseCase providePrimaryGamepadBatteryUseCase();3;3;app/src/main/kotlin/com/android/synclab/glimpse/di/AppContainer.kt;0
from;com.android.synclab.glimpse.di.AppContainer from(android.content.Context);8;8;app/src/main/kotlin/com/android/synclab/glimpse/di/AppContainer.kt;0
AppContainer$Companion;void AppContainer$Companion();13;12;app/src/main/kotlin/com/android/synclab/glimpse/di/AppContainer.kt;0
create;androidx.lifecycle.ViewModel create(Class);11;11;app/src/main/kotlin/com/android/synclab/glimpse/presentation/viewmodel/MainViewModel.kt;0
setProgressCompat;void setProgressCompat(int, boolean);4;4;app/src/main/kotlin/com/android/synclab/glimpse/presentation/view/BatteryProgressView.kt;0
drawChargingAnimation;void drawChargingAnimation(android.graphics.Canvas, float, float, float);87;69;app/src/main/kotlin/com/android/synclab/glimpse/presentation/view/BatteryProgressView.kt;0
stopChargingAnimator;void stopChargingAnimator();5;5;app/src/main/kotlin/com/android/synclab/glimpse/presentation/view/BatteryProgressView.kt;0
onDraw;void onDraw(android.graphics.Canvas);66;58;app/src/main/kotlin/com/android/synclab/glimpse/presentation/view/BatteryProgressView.kt;0
colorAt;int colorAt(float);12;12;app/src/main/kotlin/com/android/synclab/glimpse/presentation/view/BatteryProgressView.kt;0
colorAtGlow;int colorAtGlow(float);12;12;app/src/main/kotlin/com/android/synclab/glimpse/presentation/view/BatteryProgressView.kt;0
onDetachedFromWindow;void onDetachedFromWindow();4;4;app/src/main/kotlin/com/android/synclab/glimpse/presentation/view/BatteryProgressView.kt;0
dp;float dp(float);1;1;app/src/main/kotlin/com/android/synclab/glimpse/presentation/view/BatteryProgressView.kt;0
onMeasure;void onMeasure(int, int);7;7;app/src/main/kotlin/com/android/synclab/glimpse/presentation/view/BatteryProgressView.kt;0
blend;int blend(int, int, float);8;8;app/src/main/kotlin/com/android/synclab/glimpse/presentation/view/BatteryProgressView.kt;0
startChargingAnimator;void startChargingAnimator();16;16;app/src/main/kotlin/com/android/synclab/glimpse/presentation/view/BatteryProgressView.kt;0
setChargingAnimationEnabled;void setChargingAnimationEnabled(boolean);12;12;app/src/main/kotlin/com/android/synclab/glimpse/presentation/view/BatteryProgressView.kt;0
onAttachedToWindow;void onAttachedToWindow();6;6;app/src/main/kotlin/com/android/synclab/glimpse/presentation/view/BatteryProgressView.kt;0
flushPendingColorApply;void flushPendingColorApply();8;8;app/src/main/kotlin/com/android/synclab/glimpse/presentation/view/CustomizeVibeDialog.kt;0
scheduleColorApply;void scheduleColorApply(int);19;19;app/src/main/kotlin/com/android/synclab/glimpse/presentation/view/CustomizeVibeDialog.kt;0
toHexColor;String toHexColor(int);3;3;app/src/main/kotlin/com/android/synclab/glimpse/presentation/view/CustomizeVibeDialog.kt;0
shouldShowFailureToast;boolean shouldShowFailureToast(com.android.synclab.glimpse.data.model.ControllerLightCommandStatus);10;10;app/src/main/kotlin/com/android/synclab/glimpse/presentation/view/CustomizeVibeDialog.kt;0
handleApplyResult;void handleApplyResult(int, com.android.synclab.glimpse.data.model.ControllerLightCommandResult);19;17;app/src/main/kotlin/com/android/synclab/glimpse/presentation/view/CustomizeVibeDialog.kt;0
dismiss;void dismiss();3;3;app/src/main/kotlin/com/android/synclab/glimpse/presentation/view/CustomizeVibeDialog.kt;0
dispose;void dispose();11;11;app/src/main/kotlin/com/android/synclab/glimpse/presentation/view/CustomizeVibeDialog.kt;0
sendColorToController;void sendColorToController(int);45;40;app/src/main/kotlin/com/android/synclab/glimpse/presentation/view/CustomizeVibeDialog.kt;0
showStatusToast;void showStatusToast(com.android.synclab.glimpse.data.model.ControllerLightCommandStatus);11;11;app/src/main/kotlin/com/android/synclab/glimpse/presentation/view/CustomizeVibeDialog.kt;0
show;void show();86;73;app/src/main/kotlin/com/android/synclab/glimpse/presentation/view/CustomizeVibeDialog.kt;0
invoke;void invoke(String);3;3;app/src/main/kotlin/com/android/synclab/glimpse/domain/usecase/ClosePs4ControllerLightSessionUseCase.kt;0
setCardHeight;void setCardHeight(int);11;11;app/src/main/kotlin/com/android/synclab/glimpse/presentation/view/SettingsPanelView.kt;0
setTitle;void setTitle(CharSequence);3;3;app/src/main/kotlin/com/android/synclab/glimpse/presentation/view/SettingsPanelView.kt;0
applyAttributes;void applyAttributes(android.util.AttributeSet, int);28;24;app/src/main/kotlin/com/android/synclab/glimpse/presentation/view/SettingsPanelView.kt;0
submitItems;void submitItems(java.util.List);6;6;app/src/main/kotlin/com/android/synclab/glimpse/presentation/view/SettingsPanelView.kt;0
setInteractionHandlers;void setInteractionHandlers(kotlin.jvm.functions.Function2, kotlin.jvm.functions.Function1);7;7;app/src/main/kotlin/com/android/synclab/glimpse/presentation/view/SettingsPanelView.kt;0
setTitle;void setTitle(int);3;3;app/src/main/kotlin/com/android/synclab/glimpse/presentation/view/SettingsPanelView.kt;0
setCardBackgroundResourceCompat;void setCardBackgroundResourceCompat(int);3;3;app/src/main/kotlin/com/android/synclab/glimpse/presentation/view/SettingsPanelView.kt;0
valueOf;com.android.synclab.glimpse.presentation.model.SettingItemUiModel$ItemId valueOf(String);6;6;app/src/main/kotlin/com/android/synclab/glimpse/presentation/model/SettingItemUiModel.kt;0
getEntries;kotlin.enums.EnumEntries getEntries();6;6;app/src/main/kotlin/com/android/synclab/glimpse/presentation/model/SettingItemUiModel.kt;0
values;com.android.synclab.glimpse.presentation.model.SettingItemUiModel$ItemId[] values();6;6;app/src/main/kotlin/com/android/synclab/glimpse/presentation/model/SettingItemUiModel.kt;0
SettingItemUiModel$ItemId;void SettingItemUiModel$ItemId(String, int);6;6;app/src/main/kotlin/com/android/synclab/glimpse/presentation/model/SettingItemUiModel.kt;0
pickNotificationIcon;int pickNotificationIcon(Integer);13;12;app/src/main/kotlin/com/android/synclab/glimpse/presentation/BatteryOverlayService.kt;0
updateBatteryState;void updateBatteryState();41;36;app/src/main/kotlin/com/android/synclab/glimpse/presentation/BatteryOverlayService.kt;0
onBind;android.os.IBinder onBind(android.content.Intent);3;3;app/src/main/kotlin/com/android/synclab/glimpse/presentation/BatteryOverlayService.kt;0
onStartCommand;int onStartCommand(android.content.Intent, int, int);67;59;app/src/main/kotlin/com/android/synclab/glimpse/presentation/BatteryOverlayService.kt;0
onDestroy;void onDestroy();19;15;app/src/main/kotlin/com/android/synclab/glimpse/presentation/BatteryOverlayService.kt;0
BatteryOverlayService;void BatteryOverlayService();242;205;app/src/main/kotlin/com/android/synclab/glimpse/presentation/BatteryOverlayService.kt;0
ensureForegroundStarted;boolean ensureForegroundStarted(String, int);28;27;app/src/main/kotlin/com/android/synclab/glimpse/presentation/BatteryOverlayService.kt;0
onCreate;void onCreate();15;13;app/src/main/kotlin/com/android/synclab/glimpse/presentation/BatteryOverlayService.kt;0
BatteryOverlayService$Companion;void BatteryOverlayService$Companion();26;21;app/src/main/kotlin/com/android/synclab/glimpse/presentation/BatteryOverlayService.kt;0
buildBatteryInfo;String buildBatteryInfo(android.view.InputDevice);12;11;app/src/main/kotlin/com/android/synclab/glimpse/utils/InputDeviceLogUtils.kt;0
InputDeviceLogUtils;void InputDeviceLogUtils();14;13;app/src/main/kotlin/com/android/synclab/glimpse/utils/InputDeviceLogUtils.kt;0
component3;int component3();1;1;app/src/main/kotlin/com/android/synclab/glimpse/data/model/ControllerProfile.kt;0
component1;String component1();1;1;app/src/main/kotlin/com/android/synclab/glimpse/data/model/ControllerProfile.kt;0
ControllerProfile;void ControllerProfile(String, String, int);5;5;app/src/main/kotlin/com/android/synclab/glimpse/data/model/ControllerProfile.kt;0
equals;boolean equals(Object);5;5;app/src/main/kotlin/com/android/synclab/glimpse/data/model/ControllerProfile.kt;0
getLightbarColor;int getLightbarColor();1;1;app/src/main/kotlin/com/android/synclab/glimpse/data/model/ControllerProfile.kt;0
copy;com.android.synclab.glimpse.data.model.ControllerProfile copy(String, String, int);5;5;app/src/main/kotlin/com/android/synclab/glimpse/data/model/ControllerProfile.kt;0
hashCode;int hashCode();5;5;app/src/main/kotlin/com/android/synclab/glimpse/data/model/ControllerProfile.kt;0
component2;String component2();1;1;app/src/main/kotlin/com/android/synclab/glimpse/data/model/ControllerProfile.kt;0
toString;String toString();5;5;app/src/main/kotlin/com/android/synclab/glimpse/data/model/ControllerProfile.kt;0
getDeviceName;String getDeviceName();1;1;app/src/main/kotlin/com/android/synclab/glimpse/data/model/ControllerProfile.kt;0
getId;String getId();1;1;app/src/main/kotlin/com/android/synclab/glimpse/data/model/ControllerProfile.kt;0
getChecked;boolean getChecked();1;1;app/src/main/kotlin/com/android/synclab/glimpse/presentation/model/SettingItemUiModel.kt;0
copy;com.android.synclab.glimpse.presentation.model.SettingItemUiModel$Control$Toggle copy(boolean, boolean);4;4;app/src/main/kotlin/com/android/synclab/glimpse/presentation/model/SettingItemUiModel.kt;0
equals;boolean equals(Object);1;1;app/src/main/kotlin/com/android/synclab/glimpse/presentation/model/SettingItemUiModel.kt;0
hashCode;int hashCode();1;1;app/src/main/kotlin/com/android/synclab/glimpse/presentation/model/SettingItemUiModel.kt;0
SettingItemUiModel$Control$Toggle;void SettingItemUiModel$Control$Toggle(boolean, boolean);4;4;app/src/main/kotlin/com/android/synclab/glimpse/presentation/model/SettingItemUiModel.kt;0
component1;boolean component1();1;1;app/src/main/kotlin/com/android/synclab/glimpse/presentation/model/SettingItemUiModel.kt;0
toString;String toString();1;1;app/src/main/kotlin/com/android/synclab/glimpse/presentation/model/SettingItemUiModel.kt;0
component2;boolean component2();1;1;app/src/main/kotlin/com/android/synclab/glimpse/presentation/model/SettingItemUiModel.kt;0
getEnabled;boolean getEnabled();1;1;app/src/main/kotlin/com/android/synclab/glimpse/presentation/model/SettingItemUiModel.kt;0
getIconRes;int getIconRes();1;1;app/src/main/kotlin/com/android/synclab/glimpse/presentation/model/SettingItemUiModel.kt;0
getControl;com.android.synclab.glimpse.presentation.model.SettingItemUiModel$Control getControl();1;1;app/src/main/kotlin/com/android/synclab/glimpse/presentation/model/SettingItemUiModel.kt;0
component3;float component3();1;1;app/src/main/kotlin/com/android/synclab/glimpse/presentation/model/SettingItemUiModel.kt;0
component7;com.android.synclab.glimpse.presentation.model.SettingItemUiModel$Control component7();1;1;app/src/main/kotlin/com/android/synclab/glimpse/presentation/model/SettingItemUiModel.kt;0
getSubtitle;String getSubtitle();1;1;app/src/main/kotlin/com/android/synclab/glimpse/presentation/model/SettingItemUiModel.kt;0
component6;String component6();1;1;app/src/main/kotlin/com/android/synclab/glimpse/presentation/model/SettingItemUiModel.kt;0
component1;com.android.synclab.glimpse.presentation.model.SettingItemUiModel$ItemId component1();1;1;app/src/main/kotlin/com/android/synclab/glimpse/presentation/model/SettingItemUiModel.kt;0
getTitle;String getTitle();1;1;app/src/main/kotlin/com/android/synclab/glimpse/presentation/model/SettingItemUiModel.kt;0
component5;String component5();1;1;app/src/main/kotlin/com/android/synclab/glimpse/presentation/model/SettingItemUiModel.kt;0
getIconWidthDp;float getIconWidthDp();1;1;app/src/main/kotlin/com/android/synclab/glimpse/presentation/model/SettingItemUiModel.kt;0
getId;com.android.synclab.glimpse.presentation.model.SettingItemUiModel$ItemId getId();1;1;app/src/main/kotlin/com/android/synclab/glimpse/presentation/model/SettingItemUiModel.kt;0
component4;float component4();1;1;app/src/main/kotlin/com/android/synclab/glimpse/presentation/model/SettingItemUiModel.kt;0
component2;int component2();1;1;app/src/main/kotlin/com/android/synclab/glimpse/presentation/model/SettingItemUiModel.kt;0
SettingItemUiModel;void SettingItemUiModel(com.android.synclab.glimpse.presentation.model.SettingItemUiModel$ItemId, int, float, float, String, String, com.android.synclab.glimpse.presentation.model.SettingItemUiModel$Control);9;9;app/src/main/kotlin/com/android/synclab/glimpse/presentation/model/SettingItemUiModel.kt;0
getIconHeightDp;float getIconHeightDp();1;1;app/src/main/kotlin/com/android/synclab/glimpse/presentation/model/SettingItemUiModel.kt;0
copy;com.android.synclab.glimpse.presentation.model.SettingItemUiModel copy(com.android.synclab.glimpse.presentation.model.SettingItemUiModel$ItemId, int, float, float, String, String, com.android.synclab.glimpse.presentation.model.SettingItemUiModel$Control);9;9;app/src/main/kotlin/com/android/synclab/glimpse/presentation/model/SettingItemUiModel.kt;0
SettingItemUiModel$Control$None;void SettingItemUiModel$Control$None();1;1;app/src/main/kotlin/com/android/synclab/glimpse/presentation/model/SettingItemUiModel.kt;0
setGlowEnabled;void setGlowEnabled(boolean);7;7;app/src/main/kotlin/com/android/synclab/glimpse/presentation/view/ChargingIconView.kt;0
setGlowStyle;void setGlowStyle(int, float);9;9;app/src/main/kotlin/com/android/synclab/glimpse/presentation/view/ChargingIconView.kt;0
setIconResource;void setIconResource(int);9;9;app/src/main/kotlin/com/android/synclab/glimpse/presentation/view/ChargingIconView.kt;0
MainActivity$Companion;void MainActivity$Companion();9;9;app/src/main/kotlin/com/android/synclab/glimpse/presentation/MainActivity.kt;0
SettingItemAdapter$Companion;void SettingItemAdapter$Companion();13;12;app/src/main/kotlin/com/android/synclab/glimpse/presentation/view/SettingItemAdapter.kt;0
updateContainerHeight;void updateContainerHeight(int);10;10;app/src/main/kotlin/com/android/synclab/glimpse/presentation/view/SettingItemAdapter.kt;0
onCreateViewHolder;com.android.synclab.glimpse.presentation.view.SettingItemAdapter$SettingItemViewHolder onCreateViewHolder(android.view.ViewGroup, int);5;5;app/src/main/kotlin/com/android/synclab/glimpse/presentation/view/SettingItemAdapter.kt;0
onBindViewHolder;void onBindViewHolder(com.android.synclab.glimpse.presentation.view.SettingItemAdapter$SettingItemViewHolder, int);8;8;app/src/main/kotlin/com/android/synclab/glimpse/presentation/view/SettingItemAdapter.kt;0
resolveItemHeight;Integer resolveItemHeight();6;6;app/src/main/kotlin/com/android/synclab/glimpse/presentation/view/SettingItemAdapter.kt;0
onStopTrackingTouch;void onStopTrackingTouch(android.widget.SeekBar);3;3;app/src/main/kotlin/com/android/synclab/glimpse/presentation/view/CustomizeVibeDialog.kt;0
onStartTrackingTouch;void onStartTrackingTouch(android.widget.SeekBar);1;1;app/src/main/kotlin/com/android/synclab/glimpse/presentation/view/CustomizeVibeDialog.kt;0
CustomizeVibeDialog$show$seekBarListener$1;void CustomizeVibeDialog$show$seekBarListener$1(android.widget.SeekBar, android.widget.SeekBar, android.widget.SeekBar, com.android.synclab.glimpse.presentation.view.CustomizeVibeDialog, android.graphics.drawable.GradientDrawable, android.view.View, android.widget.TextView, android.widget.TextView, android.widget.TextView, android.widget.TextView);20;18;app/src/main/kotlin/com/android/synclab/glimpse/presentation/view/CustomizeVibeDialog.kt;0
onProgressChanged;void onProgressChanged(android.widget.SeekBar, int, boolean);12;12;app/src/main/kotlin/com/android/synclab/glimpse/presentation/view/CustomizeVibeDialog.kt;0
bind;void bind(com.android.synclab.glimpse.presentation.model.SettingItemUiModel, Integer, int, int);57;50;app/src/main/kotlin/com/android/synclab/glimpse/presentation/view/SettingItemAdapter.kt;0
updateIconSize;void updateIconSize(float, float);11;11;app/src/main/kotlin/com/android/synclab/glimpse/presentation/view/SettingItemAdapter.kt;0
applyEdgeStyle;void applyEdgeStyle(int, int);13;12;app/src/main/kotlin/com/android/synclab/glimpse/presentation/view/SettingItemAdapter.kt;0
updateItemHeight;void updateItemHeight(Integer);9;9;app/src/main/kotlin/com/android/synclab/glimpse/presentation/view/SettingItemAdapter.kt;0
dpToPx;int dpToPx(int);4;4;app/src/main/kotlin/com/android/synclab/glimpse/infra/overlay/OverlayWindowController.kt;0
isVisible;boolean isVisible();3;3;app/src/main/kotlin/com/android/synclab/glimpse/infra/overlay/OverlayWindowController.kt;0
updateText;void updateText(String);3;3;app/src/main/kotlin/com/android/synclab/glimpse/infra/overlay/OverlayWindowController.kt;0
hide;void hide();11;11;app/src/main/kotlin/com/android/synclab/glimpse/infra/overlay/OverlayWindowController.kt;0
show;boolean show();47;41;app/src/main/kotlin/com/android/synclab/glimpse/infra/overlay/OverlayWindowController.kt;0
MonitoringStateStore;void MonitoringStateStore();13;10;app/src/main/kotlin/com/android/synclab/glimpse/data/state/MonitoringStateStore.kt;0
SettingItemUiModel$Control$Indicator;void SettingItemUiModel$Control$Indicator();1;1;app/src/main/kotlin/com/android/synclab/glimpse/presentation/model/SettingItemUiModel.kt;0
setIconDrawable;void setIconDrawable(android.graphics.drawable.Drawable, int, int);7;7;app/src/main/kotlin/com/android/synclab/glimpse/presentation/view/ChargingIconView.kt;0
onSizeChanged;void onSizeChanged(int, int, int, int);4;4;app/src/main/kotlin/com/android/synclab/glimpse/presentation/view/ChargingIconView.kt;0
onDraw;void onDraw(android.graphics.Canvas);15;13;app/src/main/kotlin/com/android/synclab/glimpse/presentation/view/ChargingIconView.kt;0
recycleBitmaps;void recycleBitmaps();6;6;app/src/main/kotlin/com/android/synclab/glimpse/presentation/view/ChargingIconView.kt;0
onDetachedFromWindow;void onDetachedFromWindow();4;4;app/src/main/kotlin/com/android/synclab/glimpse/presentation/view/ChargingIconView.kt;0
rebuildBitmaps;void rebuildBitmaps();22;19;app/src/main/kotlin/com/android/synclab/glimpse/presentation/view/ChargingIconView.kt;0
getStatus;com.android.synclab.glimpse.data.model.ControllerLightCommandStatus getStatus();1;1;app/src/main/kotlin/com/android/synclab/glimpse/data/model/ControllerLightCommandResult.kt;0
component3;Integer component3();1;1;app/src/main/kotlin/com/android/synclab/glimpse/data/model/ControllerLightCommandResult.kt;0
getTargetDeviceId;Integer getTargetDeviceId();1;1;app/src/main/kotlin/com/android/synclab/glimpse/data/model/ControllerLightCommandResult.kt;0
hashCode;int hashCode();7;7;app/src/main/kotlin/com/android/synclab/glimpse/data/model/ControllerLightCommandResult.kt;0
ControllerLightCommandResult;void ControllerLightCommandResult(com.android.synclab.glimpse.data.model.ControllerLightCommandStatus, Integer, Integer, String, String);7;7;app/src/main/kotlin/com/android/synclab/glimpse/data/model/ControllerLightCommandResult.kt;0
component1;com.android.synclab.glimpse.data.model.ControllerLightCommandStatus component1();1;1;app/src/main/kotlin/com/android/synclab/glimpse/data/model/ControllerLightCommandResult.kt;0
toString;String toString();7;7;app/src/main/kotlin/com/android/synclab/glimpse/data/model/ControllerLightCommandResult.kt;0
component2;Integer component2();1;1;app/src/main/kotlin/com/android/synclab/glimpse/data/model/ControllerLightCommandResult.kt;0
getDetail;String getDetail();1;1;app/src/main/kotlin/com/android/synclab/glimpse/data/model/ControllerLightCommandResult.kt;0
getTargetLightId;Integer getTargetLightId();1;1;app/src/main/kotlin/com/android/synclab/glimpse/data/model/ControllerLightCommandResult.kt;0
component5;String component5();1;1;app/src/main/kotlin/com/android/synclab/glimpse/data/model/ControllerLightCommandResult.kt;0
copy;com.android.synclab.glimpse.data.model.ControllerLightCommandResult copy(com.android.synclab.glimpse.data.model.ControllerLightCommandStatus, Integer, Integer, String, String);7;7;app/src/main/kotlin/com/android/synclab/glimpse/data/model/ControllerLightCommandResult.kt;0
equals;boolean equals(Object);7;7;app/src/main/kotlin/com/android/synclab/glimpse/data/model/ControllerLightCommandResult.kt;0
getColorHex;String getColorHex();1;1;app/src/main/kotlin/com/android/synclab/glimpse/data/model/ControllerLightCommandResult.kt;0
component4;String component4();1;1;app/src/main/kotlin/com/android/synclab/glimpse/data/model/ControllerLightCommandResult.kt;0
CustomizeVibeDialog$Companion;void CustomizeVibeDialog$Companion();4;4;app/src/main/kotlin/com/android/synclab/glimpse/presentation/view/CustomizeVibeDialog.kt;0
GlimpseToggleView$Companion;void GlimpseToggleView$Companion();3;3;app/src/main/kotlin/com/android/synclab/glimpse/presentation/view/GlimpseToggleView.kt;0
onDraw;void onDraw(android.graphics.Canvas);34;31;app/src/main/kotlin/com/android/synclab/glimpse/presentation/view/GlimpseToggleView.kt;0
setChecked;void setChecked(boolean);18;15;app/src/main/kotlin/com/android/synclab/glimpse/presentation/view/GlimpseToggleView.kt;0
jumpDrawablesToCurrentState;void jumpDrawablesToCurrentState();6;6;app/src/main/kotlin/com/android/synclab/glimpse/presentation/view/GlimpseToggleView.kt;0
onMeasure;void onMeasure(int, int);5;5;app/src/main/kotlin/com/android/synclab/glimpse/presentation/view/GlimpseToggleView.kt;0
dpToPx;int dpToPx(float);3;3;app/src/main/kotlin/com/android/synclab/glimpse/presentation/view/GlimpseToggleView.kt;0
dpToPxF;float dpToPxF(float);3;3;app/src/main/kotlin/com/android/synclab/glimpse/presentation/view/GlimpseToggleView.kt;0
animateThumbTo;void animateThumbTo(float);12;12;app/src/main/kotlin/com/android/synclab/glimpse/presentation/view/GlimpseToggleView.kt;0
onAttachedToWindow;void onAttachedToWindow();6;5;app/src/main/kotlin/com/android/synclab/glimpse/presentation/view/GlimpseToggleView.kt;0
ensureChannel;void ensureChannel();15;14;app/src/main/kotlin/com/android/synclab/glimpse/infra/notification/MonitoringNotificationController.kt;0
build;android.app.Notification build(String, int);47;41;app/src/main/kotlin/com/android/synclab/glimpse/infra/notification/MonitoringNotificationController.kt;0
notify;void notify(int, android.app.Notification);3;3;app/src/main/kotlin/com/android/synclab/glimpse/infra/notification/MonitoringNotificationController.kt;0
pendingIntentFlags;int pendingIntentFlags();8;8;app/src/main/kotlin/com/android/synclab/glimpse/infra/notification/MonitoringNotificationController.kt;0
invoke;com.android.synclab.glimpse.data.model.GamepadBatterySnapshot invoke(String);3;3;app/src/main/kotlin/com/android/synclab/glimpse/domain/usecase/GetPrimaryGamepadBatteryUseCase.kt;0
component2;Integer component2();1;1;app/src/main/kotlin/com/android/synclab/glimpse/data/model/GamepadBatterySnapshot.kt;0
getControllerName;String getControllerName();1;1;app/src/main/kotlin/com/android/synclab/glimpse/data/model/GamepadBatterySnapshot.kt;0
component1;String component1();1;1;app/src/main/kotlin/com/android/synclab/glimpse/data/model/GamepadBatterySnapshot.kt;0
equals;boolean equals(Object);4;4;app/src/main/kotlin/com/android/synclab/glimpse/data/model/GamepadBatterySnapshot.kt;0
hashCode;int hashCode();4;4;app/src/main/kotlin/com/android/synclab/glimpse/data/model/GamepadBatterySnapshot.kt;0
copy;com.android.synclab.glimpse.data.model.GamepadBatterySnapshot copy(String, Integer);4;4;app/src/main/kotlin/com/android/synclab/glimpse/data/model/GamepadBatterySnapshot.kt;0
GamepadBatterySnapshot;void GamepadBatterySnapshot(String, Integer);4;4;app/src/main/kotlin/com/android/synclab/glimpse/data/model/GamepadBatterySnapshot.kt;0
toString;String toString();4;4;app/src/main/kotlin/com/android/synclab/glimpse/data/model/GamepadBatterySnapshot.kt;0
getBatteryPercent;Integer getBatteryPercent();1;1;app/src/main/kotlin/com/android/synclab/glimpse/data/model/GamepadBatterySnapshot.kt;0
copy;com.android.synclab.glimpse.presentation.model.SettingItemUiModel$Control$Action copy(int);1;1;app/src/main/kotlin/com/android/synclab/glimpse/presentation/model/SettingItemUiModel.kt;0
component1;int component1();1;1;app/src/main/kotlin/com/android/synclab/glimpse/presentation/model/SettingItemUiModel.kt;0
SettingItemUiModel$Control$Action;void SettingItemUiModel$Control$Action(int);1;1;app/src/main/kotlin/com/android/synclab/glimpse/presentation/model/SettingItemUiModel.kt;0
getDeviceId;int getDeviceId();1;1;app/src/main/kotlin/com/android/synclab/glimpse/infra/repository/GamepadRepositoryImpl.kt;0
copy;com.android.synclab.glimpse.infra.repository.GamepadRepositoryImpl$CachedLightTarget copy(int, int, String);5;5;app/src/main/kotlin/com/android/synclab/glimpse/infra/repository/GamepadRepositoryImpl.kt;0
equals;boolean equals(Object);5;5;app/src/main/kotlin/com/android/synclab/glimpse/infra/repository/GamepadRepositoryImpl.kt;0
hashCode;int hashCode();5;5;app/src/main/kotlin/com/android/synclab/glimpse/infra/repository/GamepadRepositoryImpl.kt;0
GamepadRepositoryImpl$CachedLightTarget;void GamepadRepositoryImpl$CachedLightTarget(int, int, String);5;5;app/src/main/kotlin/com/android/synclab/glimpse/infra/repository/GamepadRepositoryImpl.kt;0
getLightName;String getLightName();1;1;app/src/main/kotlin/com/android/synclab/glimpse/infra/repository/GamepadRepositoryImpl.kt;0
component1;int component1();1;1;app/src/main/kotlin/com/android/synclab/glimpse/infra/repository/GamepadRepositoryImpl.kt;0
component2;int component2();1;1;app/src/main/kotlin/com/android/synclab/glimpse/infra/repository/GamepadRepositoryImpl.kt;0
toString;String toString();5;5;app/src/main/kotlin/com/android/synclab/glimpse/infra/repository/GamepadRepositoryImpl.kt;0
getLightId;int getLightId();1;1;app/src/main/kotlin/com/android/synclab/glimpse/infra/repository/GamepadRepositoryImpl.kt;0
component3;String component3();1;1;app/src/main/kotlin/com/android/synclab/glimpse/infra/repository/GamepadRepositoryImpl.kt;0
closeControllerLightSession;void closeControllerLightSession(String);8;8;app/src/main/kotlin/com/android/synclab/glimpse/infra/repository/GamepadRepositoryImpl.kt;0
lightTypeLabel;String lightTypeLabel(int);9;9;app/src/main/kotlin/com/android/synclab/glimpse/infra/repository/GamepadRepositoryImpl.kt;0
isLikelyPs4ControllerForLightCommand;boolean isLikelyPs4ControllerForLightCommand(android.view.InputDevice);6;6;app/src/main/kotlin/com/android/synclab/glimpse/infra/repository/GamepadRepositoryImpl.kt;0
isPs4Controller;boolean isPs4Controller(android.view.InputDevice);16;14;app/src/main/kotlin/com/android/synclab/glimpse/infra/repository/GamepadRepositoryImpl.kt;0
isGamepad;boolean isGamepad(android.view.InputDevice);4;4;app/src/main/kotlin/com/android/synclab/glimpse/infra/repository/GamepadRepositoryImpl.kt;0
applyColorToTarget;com.android.synclab.glimpse.data.model.ControllerLightCommandResult applyColorToTarget(android.view.InputDevice, android.hardware.lights.LightsManager, android.hardware.lights.Light, int, String, int, long, String, boolean);57;53;app/src/main/kotlin/com/android/synclab/glimpse/infra/repository/GamepadRepositoryImpl.kt;0
mapStatus;com.android.synclab.glimpse.data.model.BatteryChargeStatus mapStatus(int);9;9;app/src/main/kotlin/com/android/synclab/glimpse/infra/repository/GamepadRepositoryImpl.kt;0
isDiagnosticLightLoggingEnabled;boolean isDiagnosticLightLoggingEnabled();3;3;app/src/main/kotlin/com/android/synclab/glimpse/infra/repository/GamepadRepositoryImpl.kt;0
logDiagnosticDebug;void logDiagnosticDebug(kotlin.jvm.functions.Function0);5;5;app/src/main/kotlin/com/android/synclab/glimpse/infra/repository/GamepadRepositoryImpl.kt;0
getPrimaryGamepadBatterySnapshot;com.android.synclab.glimpse.data.model.GamepadBatterySnapshot getPrimaryGamepadBatterySnapshot(String);25;21;app/src/main/kotlin/com/android/synclab/glimpse/infra/repository/GamepadRepositoryImpl.kt;0
tryApplyColorWithCachedTarget;com.android.synclab.glimpse.data.model.ControllerLightCommandResult tryApplyColorWithCachedTarget(int, long, int, String);55;54;app/src/main/kotlin/com/android/synclab/glimpse/infra/repository/GamepadRepositoryImpl.kt;0
obtainLightBarSession;android.hardware.lights.LightsManager$LightsSession obtainLightBarSession(android.view.InputDevice, int);39;37;app/src/main/kotlin/com/android/synclab/glimpse/infra/repository/GamepadRepositoryImpl.kt;0
closeControllerLightSessionInternal;void closeControllerLightSessionInternal(String, Integer, boolean);38;36;app/src/main/kotlin/com/android/synclab/glimpse/infra/repository/GamepadRepositoryImpl.kt;0
setPs4ControllerLightColor;com.android.synclab.glimpse.data.model.ControllerLightCommandResult setPs4ControllerLightColor(int);191;179;app/src/main/kotlin/com/android/synclab/glimpse/infra/repository/GamepadRepositoryImpl.kt;0
getConnectedPs4Controllers;java.util.List getConnectedPs4Controllers(String);20;20;app/src/main/kotlin/com/android/synclab/glimpse/infra/repository/GamepadRepositoryImpl.kt;0
readBatteryInfo;kotlin.Pair readBatteryInfo(android.view.InputDevice);24;21;app/src/main/kotlin/com/android/synclab/glimpse/infra/repository/GamepadRepositoryImpl.kt;0
logDiagnosticInfo;void logDiagnosticInfo(kotlin.jvm.functions.Function0);5;5;app/src/main/kotlin/com/android/synclab/glimpse/infra/repository/GamepadRepositoryImpl.kt;0
isDualShock4ProductId;boolean isDualShock4ProductId(int);3;3;app/src/main/kotlin/com/android/synclab/glimpse/infra/repository/GamepadRepositoryImpl.kt;0
getById;com.android.synclab.glimpse.data.model.ControllerProfile getById(String);14;14;app/src/main/kotlin/com/android/synclab/glimpse/infra/repository/roomdb/RoomControllerProfileRepository.kt;0
toEntity;com.android.synclab.glimpse.infra.repository.roomdb.core.ControllerProfileEntity toEntity(com.android.synclab.glimpse.data.model.ControllerProfile);7;7;app/src/main/kotlin/com/android/synclab/glimpse/infra/repository/roomdb/RoomControllerProfileRepository.kt;0
maskIdentifier;String maskIdentifier(String);3;3;app/src/main/kotlin/com/android/synclab/glimpse/infra/repository/roomdb/RoomControllerProfileRepository.kt;0
toHexColor;String toHexColor(int);3;3;app/src/main/kotlin/com/android/synclab/glimpse/infra/repository/roomdb/RoomControllerProfileRepository.kt;0
toModel;com.android.synclab.glimpse.data.model.ControllerProfile toModel(com.android.synclab.glimpse.infra.repository.roomdb.core.ControllerProfileEntity);7;7;app/src/main/kotlin/com/android/synclab/glimpse/infra/repository/roomdb/RoomControllerProfileRepository.kt;0
upsert;void upsert(com.android.synclab.glimpse.data.model.ControllerProfile);7;7;app/src/main/kotlin/com/android/synclab/glimpse/infra/repository/roomdb/RoomControllerProfileRepository.kt;0
deleteById;void deleteById(String);4;4;app/src/main/kotlin/com/android/synclab/glimpse/infra/repository/roomdb/RoomControllerProfileRepository.kt;0
getById;com.android.synclab.glimpse.infra.repository.roomdb.core.ControllerProfileEntity getById(String);2;2;app/src/main/kotlin/com/android/synclab/glimpse/infra/repository/roomdb/core/ControllerProfileDao.kt;0
upsert;void upsert(com.android.synclab.glimpse.infra.repository.roomdb.core.ControllerProfileEntity);2;2;app/src/main/kotlin/com/android/synclab/glimpse/infra/repository/roomdb/core/ControllerProfileDao.kt;0
deleteById;void deleteById(String);2;2;app/src/main/kotlin/com/android/synclab/glimpse/infra/repository/roomdb/core/ControllerProfileDao.kt;0
invoke;void invoke(String);3;3;app/src/main/kotlin/com/android/synclab/glimpse/domain/usecase/DeleteControllerProfileUseCase.kt;0
GamepadRepositoryImpl$Companion;void GamepadRepositoryImpl$Companion();9;9;app/src/main/kotlin/com/android/synclab/glimpse/infra/repository/GamepadRepositoryImpl.kt;0
