Type;Signature;Path;LineNo
UNUSED_LOCAL_VARIABLE;$i$f$logDiagnosticInfo;/home/huy/Desktop/workspace/gitprojects/batmon/app/src/main/kotlin/com/android/synclab/glimpse/infra/repository/GamepadRepositoryImpl.kt;577
UNUSED_CLASS_DATA_MEMBER_DECLARATION;$ENTRIES;/home/huy/Desktop/workspace/gitprojects/batmon/app/src/main/kotlin/com/android/synclab/glimpse/presentation/model/EventChangeParam.kt;0
UNUSED_CLASS_DATA_MEMBER_DECLARATION;ACTION_HIDE_OVERLAY;/home/huy/Desktop/workspace/gitprojects/batmon/app/src/main/kotlin/com/android/synclab/glimpse/presentation/BatteryOverlayService.kt;0
UNUSED_CLASS_METHOD;component1;/home/huy/Desktop/workspace/gitprojects/batmon/app/src/main/kotlin/com/android/synclab/glimpse/presentation/model/SettingItemUiModel.kt;0
UNUSED_CLASS_DATA_MEMBER_DECLARATION;REFRESH_INTERVAL_MS;/home/huy/Desktop/workspace/gitprojects/batmon/app/src/main/kotlin/com/android/synclab/glimpse/presentation/MainActivity.kt;0
UNUSED_CLASS_DATA_MEMBER_DECLARATION;CHARGING_GLOW_COLOR;/home/huy/Desktop/workspace/gitprojects/batmon/app/src/main/kotlin/com/android/synclab/glimpse/presentation/MainActivity.kt;0
UNUSED_CLASS_DATA_MEMBER;updateLoopStarted;/home/huy/Desktop/workspace/gitprojects/batmon/app/src/main/kotlin/com/android/synclab/glimpse/presentation/BatteryOverlayService.kt;0
UNUSED_CLASS_DATA_MEMBER_DECLARATION;UPDATE_INTERVAL_MS;/home/huy/Desktop/workspace/gitprojects/batmon/app/src/main/kotlin/com/android/synclab/glimpse/presentation/BatteryOverlayService.kt;0
UNUSED_CLASS_METHOD;component4;/home/huy/Desktop/workspace/gitprojects/batmon/app/src/main/kotlin/com/android/synclab/glimpse/data/model/ControllerInfo.kt;0
UNUSED_FUNCTION_PARAMETER;$marker;/home/huy/Desktop/workspace/gitprojects/batmon/app/src/main/kotlin/com/android/synclab/glimpse/presentation/model/MainUiState.kt;5
UNUSED_CLASS_DATA_MEMBER;$greenValueText;/home/huy/Desktop/workspace/gitprojects/batmon/app/src/main/kotlin/com/android/synclab/glimpse/presentation/view/CustomizeVibeDialog.kt;0
UNUSED_CLASS_METHOD;component3;/home/huy/Desktop/workspace/gitprojects/batmon/app/src/main/kotlin/com/android/synclab/glimpse/data/model/ControllerLightCommandResult.kt;0
UNUSED_LOCAL_VARIABLE;$i$a$-apply-MonitoringNotificationController$build$stopIntent$1;/home/huy/Desktop/workspace/gitprojects/batmon/app/src/main/kotlin/com/android/synclab/glimpse/infra/notification/MonitoringNotificationController.kt;50
UNUSED_CLASS_METHOD;getMax;/home/huy/Desktop/workspace/gitprojects/batmon/app/src/main/kotlin/com/android/synclab/glimpse/presentation/view/BatteryProgressView.kt;0
UNUSED_CLASS_METHOD;component1;/home/huy/Desktop/workspace/gitprojects/batmon/app/src/main/kotlin/com/android/synclab/glimpse/data/model/GamepadBatterySnapshot.kt;0
UNUSED_LOCAL_VARIABLE;$i$a$-let-MainActivity$dispatchServiceAction$1;/home/huy/Desktop/workspace/gitprojects/batmon/app/src/main/kotlin/com/android/synclab/glimpse/presentation/MainActivity.kt;590
UNUSED_CLASS_METHOD;component5;/home/huy/Desktop/workspace/gitprojects/batmon/app/src/main/kotlin/com/android/synclab/glimpse/presentation/model/MainUiState.kt;0
UNUSED_CLASS_METHOD;component1;/home/huy/Desktop/workspace/gitprojects/batmon/app/src/main/kotlin/com/android/synclab/glimpse/presentation/model/SettingItemUiModel.kt;0
UNUSED_LOCAL_VARIABLE;$i$a$-run-GamepadRepositoryImpl$closeControllerLightSessionInternal$session$1;/home/huy/Desktop/workspace/gitprojects/batmon/app/src/main/kotlin/com/android/synclab/glimpse/infra/repository/GamepadRepositoryImpl.kt;424
UNUSED_CLASS_METHOD;component2;/home/huy/Desktop/workspace/gitprojects/batmon/app/src/main/kotlin/com/android/synclab/glimpse/data/model/ControllerProfile.kt;0
UNUSED_CLASS_METHOD;component2;/home/huy/Desktop/workspace/gitprojects/batmon/app/src/main/kotlin/com/android/synclab/glimpse/presentation/model/EventChangeParam.kt;0
UNUSED_FUNCTION_PARAMETER;$marker;/home/huy/Desktop/workspace/gitprojects/batmon/app/src/main/kotlin/com/android/synclab/glimpse/presentation/view/GlimpseToggleView.kt;15
UNUSED_LOCAL_VARIABLE;$i$a$-takeIf-MainActivity$updateControllerUniqueIdUi$value$1;/home/huy/Desktop/workspace/gitprojects/batmon/app/src/main/kotlin/com/android/synclab/glimpse/presentation/MainActivity.kt;0
UNUSED_FUNCTION_PARAMETER;$marker;/home/huy/Desktop/workspace/gitprojects/batmon/app/src/main/kotlin/com/android/synclab/glimpse/presentation/model/SettingItemUiModel.kt;5
UNUSED_CLASS_METHOD;ChargingIconView;/home/huy/Desktop/workspace/gitprojects/batmon/app/src/main/kotlin/com/android/synclab/glimpse/presentation/view/ChargingIconView.kt;0
UNUSED_CLASS_METHOD;component1;/home/huy/Desktop/workspace/gitprojects/batmon/app/src/main/kotlin/com/android/synclab/glimpse/infra/repository/roomdb/core/ControllerProfileEntity.kt;0
UNUSED_LOCAL_VARIABLE;$i$a$-let-SettingsPanelView$applyAttributes$1;/home/huy/Desktop/workspace/gitprojects/batmon/app/src/main/kotlin/com/android/synclab/glimpse/presentation/view/SettingsPanelView.kt;0
UNUSED_CLASS_METHOD;component4;/home/huy/Desktop/workspace/gitprojects/batmon/app/src/main/kotlin/com/android/synclab/glimpse/presentation/model/EventChangeParam.kt;0
UNUSED_CLASS_DATA_MEMBER;$redValueText;/home/huy/Desktop/workspace/gitprojects/batmon/app/src/main/kotlin/com/android/synclab/glimpse/presentation/view/CustomizeVibeDialog.kt;0
UNUSED_LOCAL_VARIABLE;$i$a$-apply-ChargingIconView$glowLayerView$1;/home/huy/Desktop/workspace/gitprojects/batmon/app/src/main/kotlin/com/android/synclab/glimpse/presentation/view/ChargingIconView.kt;30
UNUSED_CLASS_METHOD;valueOf;/home/huy/Desktop/workspace/gitprojects/batmon/app/src/main/kotlin/com/android/synclab/glimpse/presentation/model/EventChangeParam.kt;0
UNUSED_CLASS_DATA_MEMBER_DECLARATION;TAG;/home/huy/Desktop/workspace/gitprojects/batmon/app/src/main/kotlin/com/android/synclab/glimpse/utils/LogCompat.kt;0
UNUSED_FUNCTION_PARAMETER;$constructor_marker;/home/huy/Desktop/workspace/gitprojects/batmon/app/src/main/kotlin/com/android/synclab/glimpse/presentation/view/CustomizeVibeDialog.kt;0
UNUSED_FUNCTION_PARAMETER;it;/home/huy/Desktop/workspace/gitprojects/batmon/app/src/main/kotlin/com/android/synclab/glimpse/presentation/view/CustomizeVibeDialog.kt;30
UNUSED_CLASS_METHOD;BatteryProgressView;/home/huy/Desktop/workspace/gitprojects/batmon/app/src/main/kotlin/com/android/synclab/glimpse/presentation/view/BatteryProgressView.kt;0
UNUSED_CLASS_DATA_MEMBER_DECLARATION;APPLY_THROTTLE_MS;/home/huy/Desktop/workspace/gitprojects/batmon/app/src/main/kotlin/com/android/synclab/glimpse/presentation/view/CustomizeVibeDialog.kt;0
UNUSED_CLASS_METHOD;component3;/home/huy/Desktop/workspace/gitprojects/batmon/app/src/main/kotlin/com/android/synclab/glimpse/presentation/model/SettingItemUiModel.kt;0
UNUSED_FUNCTION_PARAMETER;$constructor_marker;/home/huy/Desktop/workspace/gitprojects/batmon/app/src/main/kotlin/com/android/synclab/glimpse/presentation/view/GlimpseToggleView.kt;0
UNUSED_CLASS_METHOD;component2;/home/huy/Desktop/workspace/gitprojects/batmon/app/src/main/kotlin/com/android/synclab/glimpse/data/model/GamepadBatterySnapshot.kt;0
UNUSED_CLASS_DATA_MEMBER_DECLARATION;$ENTRIES;/home/huy/Desktop/workspace/gitprojects/batmon/app/src/main/kotlin/com/android/synclab/glimpse/data/model/BatteryChargeStatus.kt;0
UNUSED_CLASS_DATA_MEMBER_DECLARATION;$ENTRIES;/home/huy/Desktop/workspace/gitprojects/batmon/app/src/main/kotlin/com/android/synclab/glimpse/presentation/model/MainUiState.kt;0
UNUSED_FUNCTION_PARAMETER;$constructor_marker;/home/huy/Desktop/workspace/gitprojects/batmon/app/src/main/kotlin/com/android/synclab/glimpse/di/AppContainer.kt;0
UNUSED_CLASS_METHOD;component2;/home/huy/Desktop/workspace/gitprojects/batmon/app/src/main/kotlin/com/android/synclab/glimpse/infra/repository/GamepadRepositoryImpl.kt;0
UNUSED_CLASS_DATA_MEMBER_DECLARATION;ACTION_SHOW_OVERLAY;/home/huy/Desktop/workspace/gitprojects/batmon/app/src/main/kotlin/com/android/synclab/glimpse/presentation/BatteryOverlayService.kt;0
UNUSED_CLASS_METHOD;component6;/home/huy/Desktop/workspace/gitprojects/batmon/app/src/main/kotlin/com/android/synclab/glimpse/presentation/model/SettingItemUiModel.kt;0
UNUSED_CLASS_DATA_MEMBER;setPs4ControllerLightColorUseCase;/home/huy/Desktop/workspace/gitprojects/batmon/app/src/main/kotlin/com/android/synclab/glimpse/presentation/view/CustomizeVibeDialog.kt;0
UNUSED_CLASS_METHOD;provideDeleteControllerProfileUseCase;/home/huy/Desktop/workspace/gitprojects/batmon/app/src/main/kotlin/com/android/synclab/glimpse/di/AppContainer.kt;0
UNUSED_CLASS_DATA_MEMBER_DECLARATION;NOTIFICATION_ID;/home/huy/Desktop/workspace/gitprojects/batmon/app/src/main/kotlin/com/android/synclab/glimpse/presentation/BatteryOverlayService.kt;0
UNUSED_CLASS_METHOD;getEntries;/home/huy/Desktop/workspace/gitprojects/batmon/app/src/main/kotlin/com/android/synclab/glimpse/data/model/ControllerLightCommandResult.kt;0
UNUSED_CLASS_DATA_MEMBER_DECLARATION;LOADING;/home/huy/Desktop/workspace/gitprojects/batmon/app/src/main/kotlin/com/android/synclab/glimpse/presentation/model/MainUiState.kt;0
UNUSED_CLASS_METHOD;MainUiState;/home/huy/Desktop/workspace/gitprojects/batmon/app/src/main/kotlin/com/android/synclab/glimpse/presentation/model/MainUiState.kt;0
UNUSED_CLASS_METHOD;valueOf;/home/huy/Desktop/workspace/gitprojects/batmon/app/src/main/kotlin/com/android/synclab/glimpse/presentation/model/SettingItemUiModel.kt;0
UNUSED_CLASS_METHOD;component6;/home/huy/Desktop/workspace/gitprojects/batmon/app/src/main/kotlin/com/android/synclab/glimpse/presentation/model/MainUiState.kt;0
UNUSED_FUNCTION_PARAMETER;$marker;/home/huy/Desktop/workspace/gitprojects/batmon/app/src/main/kotlin/com/android/synclab/glimpse/data/model/ControllerLightCommandResult.kt;12
UNUSED_LOCAL_VARIABLE;$i$f$logDiagnosticDebug;/home/huy/Desktop/workspace/gitprojects/batmon/app/src/main/kotlin/com/android/synclab/glimpse/infra/repository/GamepadRepositoryImpl.kt;571
UNUSED_LOCAL_VARIABLE;$i$a$-apply-GlimpseToggleView$animateThumbTo$1;/home/huy/Desktop/workspace/gitprojects/batmon/app/src/main/kotlin/com/android/synclab/glimpse/presentation/view/GlimpseToggleView.kt;155
UNUSED_CLASS_METHOD;getEntries;/home/huy/Desktop/workspace/gitprojects/batmon/app/src/main/kotlin/com/android/synclab/glimpse/presentation/model/EventChangeParam.kt;0
UNUSED_FUNCTION_PARAMETER;animated;/home/huy/Desktop/workspace/gitprojects/batmon/app/src/main/kotlin/com/android/synclab/glimpse/presentation/view/BatteryProgressView.kt;128
UNUSED_CLASS_METHOD;valueOf;/home/huy/Desktop/workspace/gitprojects/batmon/app/src/main/kotlin/com/android/synclab/glimpse/presentation/model/MainUiState.kt;0
UNUSED_CLASS_METHOD;onProgressChanged;/home/huy/Desktop/workspace/gitprojects/batmon/app/src/main/kotlin/com/android/synclab/glimpse/presentation/view/CustomizeVibeDialog.kt;0
UNUSED_CLASS_METHOD;getLastStatusText;/home/huy/Desktop/workspace/gitprojects/batmon/app/src/main/kotlin/com/android/synclab/glimpse/presentation/BatteryOverlayService.kt;0
UNUSED_CLASS_DATA_MEMBER_DECLARATION;REQUEST_CODE_POST_NOTIFICATIONS;/home/huy/Desktop/workspace/gitprojects/batmon/app/src/main/kotlin/com/android/synclab/glimpse/presentation/MainActivity.kt;0
UNUSED_CLASS_METHOD;component1;/home/huy/Desktop/workspace/gitprojects/batmon/app/src/main/kotlin/com/android/synclab/glimpse/data/model/ControllerLightCommandResult.kt;0
UNUSED_CLASS_METHOD;component3;/home/huy/Desktop/workspace/gitprojects/batmon/app/src/main/kotlin/com/android/synclab/glimpse/presentation/model/EventChangeParam.kt;0
UNUSED_CLASS_METHOD;areContentsTheSame;/home/huy/Desktop/workspace/gitprojects/batmon/app/src/main/kotlin/com/android/synclab/glimpse/presentation/view/SettingItemAdapter.kt;0
UNUSED_CLASS_METHOD;values;/home/huy/Desktop/workspace/gitprojects/batmon/app/src/main/kotlin/com/android/synclab/glimpse/presentation/model/EventChangeParam.kt;0
UNUSED_CLASS_METHOD;ChargingIconView;/home/huy/Desktop/workspace/gitprojects/batmon/app/src/main/kotlin/com/android/synclab/glimpse/presentation/view/ChargingIconView.kt;0
UNUSED_CLASS_METHOD;component4;/home/huy/Desktop/workspace/gitprojects/batmon/app/src/main/kotlin/com/android/synclab/glimpse/presentation/model/MainUiState.kt;0
UNUSED_LOCAL_VARIABLE;$i$a$-let-MainActivity$showCustomizeVibeDialog$1;/home/huy/Desktop/workspace/gitprojects/batmon/app/src/main/kotlin/com/android/synclab/glimpse/presentation/MainActivity.kt;0
UNUSED_CLASS_METHOD;getTimestampMs;/home/huy/Desktop/workspace/gitprojects/batmon/app/src/main/kotlin/com/android/synclab/glimpse/presentation/model/EventChangeParam.kt;0
UNUSED_CLASS_DATA_MEMBER_DECLARATION;$VALUES;/home/huy/Desktop/workspace/gitprojects/batmon/app/src/main/kotlin/com/android/synclab/glimpse/presentation/model/EventChangeParam.kt;0
UNUSED_CLASS_DATA_MEMBER;receiver;/home/huy/Desktop/workspace/gitprojects/batmon/app/src/main/kotlin/com/android/synclab/glimpse/infra/repository/GamepadRepositoryImpl.kt;0
UNUSED_CLASS_DATA_MEMBER;this$0;/home/huy/Desktop/workspace/gitprojects/batmon/app/src/main/kotlin/com/android/synclab/glimpse/presentation/MainActivity.kt;0
UNUSED_CLASS_DATA_MEMBER;onDismiss;/home/huy/Desktop/workspace/gitprojects/batmon/app/src/main/kotlin/com/android/synclab/glimpse/presentation/view/CustomizeVibeDialog.kt;0
UNUSED_CLASS_DATA_MEMBER_DECLARATION;$ENTRIES;/home/huy/Desktop/workspace/gitprojects/batmon/app/src/main/kotlin/com/android/synclab/glimpse/presentation/model/SettingItemUiModel.kt;0
UNUSED_CLASS_METHOD;component7;/home/huy/Desktop/workspace/gitprojects/batmon/app/src/main/kotlin/com/android/synclab/glimpse/presentation/model/MainUiState.kt;0
UNUSED_CLASS_METHOD;invoke;/home/huy/Desktop/workspace/gitprojects/batmon/app/src/main/kotlin/com/android/synclab/glimpse/infra/repository/GamepadRepositoryImpl.kt;0
UNUSED_FUNCTION_PARAMETER;$marker;/home/huy/Desktop/workspace/gitprojects/batmon/app/src/main/kotlin/com/android/synclab/glimpse/presentation/model/EventChangeParam.kt;3
UNUSED_CLASS_METHOD;onStartTrackingTouch;/home/huy/Desktop/workspace/gitprojects/batmon/app/src/main/kotlin/com/android/synclab/glimpse/presentation/view/CustomizeVibeDialog.kt;0
UNUSED_CLASS_DATA_MEMBER;$blueValueText;/home/huy/Desktop/workspace/gitprojects/batmon/app/src/main/kotlin/com/android/synclab/glimpse/presentation/view/CustomizeVibeDialog.kt;0
UNUSED_CLASS_DATA_MEMBER;repository;/home/huy/Desktop/workspace/gitprojects/batmon/app/src/main/kotlin/com/android/synclab/glimpse/domain/usecase/DeleteControllerProfileUseCase.kt;0
UNUSED_LOCAL_VARIABLE;$i$a$-apply-MonitoringNotificationController$ensureChannel$channel$1;/home/huy/Desktop/workspace/gitprojects/batmon/app/src/main/kotlin/com/android/synclab/glimpse/infra/notification/MonitoringNotificationController.kt;32
UNUSED_CLASS_METHOD;component2;/home/huy/Desktop/workspace/gitprojects/batmon/app/src/main/kotlin/com/android/synclab/glimpse/presentation/model/MainUiState.kt;0
UNUSED_FUNCTION_PARAMETER;$marker;/home/huy/Desktop/workspace/gitprojects/batmon/app/src/main/kotlin/com/android/synclab/glimpse/presentation/view/CustomizeVibeDialog.kt;26
UNUSED_CLASS_METHOD;values;/home/huy/Desktop/workspace/gitprojects/batmon/app/src/main/kotlin/com/android/synclab/glimpse/presentation/model/EventChangeParam.kt;0
UNUSED_LOCAL_VARIABLE;$i$a$-let-MainActivity$showCustomizeVibeDialog$dialog$1$1;/home/huy/Desktop/workspace/gitprojects/batmon/app/src/main/kotlin/com/android/synclab/glimpse/presentation/MainActivity.kt;0
UNUSED_LOCAL_VARIABLE;$i$a$-getOrElse-CustomizeVibeDialog$sendColorToController$1$result$2;/home/huy/Desktop/workspace/gitprojects/batmon/app/src/main/kotlin/com/android/synclab/glimpse/presentation/view/CustomizeVibeDialog.kt;200
UNUSED_FUNCTION_PARAMETER;$marker;/home/huy/Desktop/workspace/gitprojects/batmon/app/src/main/kotlin/com/android/synclab/glimpse/presentation/model/SettingItemUiModel.kt;22
UNUSED_CLASS_METHOD;component8;/home/huy/Desktop/workspace/gitprojects/batmon/app/src/main/kotlin/com/android/synclab/glimpse/presentation/model/MainUiState.kt;0
UNUSED_CLASS_DATA_MEMBER;receiver;/home/huy/Desktop/workspace/gitprojects/batmon/app/src/main/kotlin/com/android/synclab/glimpse/presentation/MainActivity.kt;0
UNUSED_LOCAL_VARIABLE;$i$a$-logDiagnosticDebug-GamepadRepositoryImpl$closeControllerLightSessionInternal$session$1$1;/home/huy/Desktop/workspace/gitprojects/batmon/app/src/main/kotlin/com/android/synclab/glimpse/infra/repository/GamepadRepositoryImpl.kt;425
UNUSED_CLASS_DATA_MEMBER;getControllerProfileUseCase;/home/huy/Desktop/workspace/gitprojects/batmon/app/src/main/kotlin/com/android/synclab/glimpse/presentation/MainActivity.kt;0
UNUSED_CLASS_METHOD;setTitle;/home/huy/Desktop/workspace/gitprojects/batmon/app/src/main/kotlin/com/android/synclab/glimpse/presentation/view/SettingsPanelView.kt;0
UNUSED_CLASS_DATA_MEMBER;$colorPreview;/home/huy/Desktop/workspace/gitprojects/batmon/app/src/main/kotlin/com/android/synclab/glimpse/presentation/view/CustomizeVibeDialog.kt;0
UNUSED_CLASS_DATA_MEMBER;$previewDrawable;/home/huy/Desktop/workspace/gitprojects/batmon/app/src/main/kotlin/com/android/synclab/glimpse/presentation/view/CustomizeVibeDialog.kt;0
UNUSED_CLASS_METHOD;getLightName;/home/huy/Desktop/workspace/gitprojects/batmon/app/src/main/kotlin/com/android/synclab/glimpse/infra/repository/GamepadRepositoryImpl.kt;0
UNUSED_FUNCTION_PARAMETER;seekBar;/home/huy/Desktop/workspace/gitprojects/batmon/app/src/main/kotlin/com/android/synclab/glimpse/presentation/view/CustomizeVibeDialog.kt;89
UNUSED_CLASS_METHOD;onInputDeviceAdded;/home/huy/Desktop/workspace/gitprojects/batmon/app/src/main/kotlin/com/android/synclab/glimpse/presentation/MainActivity.kt;0
UNUSED_FUNCTION_PARAMETER;$constructor_marker;/home/huy/Desktop/workspace/gitprojects/batmon/app/src/main/kotlin/com/android/synclab/glimpse/di/AppContainer.kt;0
UNUSED_CLASS_METHOD;invoke;/home/huy/Desktop/workspace/gitprojects/batmon/app/src/main/kotlin/com/android/synclab/glimpse/presentation/MainActivity.kt;0
UNUSED_CLASS_METHOD;onBindViewHolder;/home/huy/Desktop/workspace/gitprojects/batmon/app/src/main/kotlin/com/android/synclab/glimpse/presentation/view/SettingItemAdapter.kt;0
UNUSED_FUNCTION_PARAMETER;progress;/home/huy/Desktop/workspace/gitprojects/batmon/app/src/main/kotlin/com/android/synclab/glimpse/presentation/view/CustomizeVibeDialog.kt;89
UNUSED_CLASS_DATA_MEMBER;$greenSeekBar;/home/huy/Desktop/workspace/gitprojects/batmon/app/src/main/kotlin/com/android/synclab/glimpse/presentation/view/CustomizeVibeDialog.kt;0
UNUSED_LOCAL_VARIABLE;$i$a$-apply-OverlayWindowController$show$params$1;/home/huy/Desktop/workspace/gitprojects/batmon/app/src/main/kotlin/com/android/synclab/glimpse/infra/overlay/OverlayWindowController.kt;53
UNUSED_FUNCTION_PARAMETER;$constructor_marker;/home/huy/Desktop/workspace/gitprojects/batmon/app/src/main/kotlin/com/android/synclab/glimpse/presentation/MainActivity.kt;0
UNUSED_CLASS_DATA_MEMBER_DECLARATION;$ENTRIES;/home/huy/Desktop/workspace/gitprojects/batmon/app/src/main/kotlin/com/android/synclab/glimpse/data/model/ControllerLightCommandResult.kt;0
UNUSED_CLASS_METHOD;component1;/home/huy/Desktop/workspace/gitprojects/batmon/app/src/main/kotlin/com/android/synclab/glimpse/data/model/ControllerProfile.kt;0
UNUSED_CLASS_METHOD;valueOf;/home/huy/Desktop/workspace/gitprojects/batmon/app/src/main/kotlin/com/android/synclab/glimpse/data/model/ControllerLightCommandResult.kt;0
UNUSED_CLASS_METHOD;isOverlayVisible;/home/huy/Desktop/workspace/gitprojects/batmon/app/src/main/kotlin/com/android/synclab/glimpse/presentation/BatteryOverlayService.kt;0
UNUSED_CLASS_METHOD;component5;/home/huy/Desktop/workspace/gitprojects/batmon/app/src/main/kotlin/com/android/synclab/glimpse/presentation/model/EventChangeParam.kt;0
UNUSED_CLASS_DATA_MEMBER;upsertControllerProfileUseCase;/home/huy/Desktop/workspace/gitprojects/batmon/app/src/main/kotlin/com/android/synclab/glimpse/presentation/MainActivity.kt;0
UNUSED_CLASS_METHOD;MainActivity;/home/huy/Desktop/workspace/gitprojects/batmon/app/src/main/kotlin/com/android/synclab/glimpse/presentation/MainActivity.kt;0
UNUSED_CLASS_METHOD;getTargetLightId;/home/huy/Desktop/workspace/gitprojects/batmon/app/src/main/kotlin/com/android/synclab/glimpse/data/model/ControllerLightCommandResult.kt;0
UNUSED_CLASS_METHOD;getEntries;/home/huy/Desktop/workspace/gitprojects/batmon/app/src/main/kotlin/com/android/synclab/glimpse/presentation/model/EventChangeParam.kt;0
UNUSED_CLASS_METHOD;areItemsTheSame;/home/huy/Desktop/workspace/gitprojects/batmon/app/src/main/kotlin/com/android/synclab/glimpse/presentation/view/SettingItemAdapter.kt;0
UNUSED_LOCAL_VARIABLE;$i$a$-apply-BatteryProgressView$trackPaint$1;/home/huy/Desktop/workspace/gitprojects/batmon/app/src/main/kotlin/com/android/synclab/glimpse/presentation/view/BatteryProgressView.kt;75
UNUSED_CLASS_METHOD;component7;/home/huy/Desktop/workspace/gitprojects/batmon/app/src/main/kotlin/com/android/synclab/glimpse/data/model/ControllerInfo.kt;0
UNUSED_CLASS_DATA_MEMBER;onToggleChanged;/home/huy/Desktop/workspace/gitprojects/batmon/app/src/main/kotlin/com/android/synclab/glimpse/presentation/view/SettingsPanelView.kt;0
UNUSED_LOCAL_VARIABLE;$i$a$-firstOrNull-GamepadRepositoryImpl$tryApplyColorWithCachedTarget$cachedLight$1;/home/huy/Desktop/workspace/gitprojects/batmon/app/src/main/kotlin/com/android/synclab/glimpse/infra/repository/GamepadRepositoryImpl.kt;0
UNUSED_LOCAL_VARIABLE;$i$a$-let-MainViewModel$updateState$1;/home/huy/Desktop/workspace/gitprojects/batmon/app/src/main/kotlin/com/android/synclab/glimpse/presentation/viewmodel/MainViewModel.kt;0
UNUSED_CLASS_DATA_MEMBER;onItemClicked;/home/huy/Desktop/workspace/gitprojects/batmon/app/src/main/kotlin/com/android/synclab/glimpse/presentation/view/SettingsPanelView.kt;0
UNUSED_LOCAL_VARIABLE;$i$a$-let-MainActivity$requestControllerRefresh$1;/home/huy/Desktop/workspace/gitprojects/batmon/app/src/main/kotlin/com/android/synclab/glimpse/presentation/MainActivity.kt;0
UNUSED_CLASS_METHOD;onCreateViewHolder;/home/huy/Desktop/workspace/gitprojects/batmon/app/src/main/kotlin/com/android/synclab/glimpse/presentation/view/SettingItemAdapter.kt;0
UNUSED_CLASS_DATA_MEMBER_DECLARATION;DATABASE_NAME;/home/huy/Desktop/workspace/gitprojects/batmon/app/src/main/kotlin/com/android/synclab/glimpse/infra/repository/roomdb/core/GlimpseDatabase.kt;0
UNUSED_CLASS_METHOD;invoke;/home/huy/Desktop/workspace/gitprojects/batmon/app/src/main/kotlin/com/android/synclab/glimpse/presentation/MainActivity.kt;0
UNUSED_CLASS_DATA_MEMBER;onItemClicked;/home/huy/Desktop/workspace/gitprojects/batmon/app/src/main/kotlin/com/android/synclab/glimpse/presentation/view/SettingItemAdapter.kt;0
UNUSED_CLASS_METHOD;GlimpseToggleView;/home/huy/Desktop/workspace/gitprojects/batmon/app/src/main/kotlin/com/android/synclab/glimpse/presentation/view/GlimpseToggleView.kt;0
UNUSED_CLASS_DATA_MEMBER;receiver;/home/huy/Desktop/workspace/gitprojects/batmon/app/src/main/kotlin/com/android/synclab/glimpse/presentation/MainActivity.kt;0
UNUSED_LOCAL_VARIABLE;$i$a$-takeIf-MainViewModel$refreshControllerInfo$newState$1;/home/huy/Desktop/workspace/gitprojects/batmon/app/src/main/kotlin/com/android/synclab/glimpse/presentation/viewmodel/MainViewModel.kt;0
UNUSED_FUNCTION_PARAMETER;it;/home/huy/Desktop/workspace/gitprojects/batmon/app/src/main/kotlin/com/android/synclab/glimpse/presentation/view/SettingsPanelView.kt;26
UNUSED_CLASS_METHOD;onBind;/home/huy/Desktop/workspace/gitprojects/batmon/app/src/main/kotlin/com/android/synclab/glimpse/presentation/BatteryOverlayService.kt;0
UNUSED_CLASS_DATA_MEMBER;this$0;/home/huy/Desktop/workspace/gitprojects/batmon/app/src/main/kotlin/com/android/synclab/glimpse/presentation/view/CustomizeVibeDialog.kt;0
UNUSED_CLASS_DATA_MEMBER_DECLARATION;Companion;/home/huy/Desktop/workspace/gitprojects/batmon/app/src/main/kotlin/com/android/synclab/glimpse/presentation/MainActivity.kt;0
UNUSED_CLASS_METHOD;component5;/home/huy/Desktop/workspace/gitprojects/batmon/app/src/main/kotlin/com/android/synclab/glimpse/data/model/ControllerLightCommandResult.kt;0
UNUSED_LOCAL_VARIABLE;$i$a$-getOrElse-GamepadRepositoryImpl$applyColorToTarget$stateAfter$2;/home/huy/Desktop/workspace/gitprojects/batmon/app/src/main/kotlin/com/android/synclab/glimpse/infra/repository/GamepadRepositoryImpl.kt;0
UNUSED_LOCAL_VARIABLE;$i$a$-also-AppContainer$Companion$from$1$1;/home/huy/Desktop/workspace/gitprojects/batmon/app/src/main/kotlin/com/android/synclab/glimpse/di/AppContainer.kt;90
UNUSED_CLASS_DATA_MEMBER_DECLARATION;ACTION_START_MONITORING;/home/huy/Desktop/workspace/gitprojects/batmon/app/src/main/kotlin/com/android/synclab/glimpse/presentation/BatteryOverlayService.kt;0
UNUSED_CLASS_DATA_MEMBER_DECLARATION;Companion;/home/huy/Desktop/workspace/gitprojects/batmon/app/src/main/kotlin/com/android/synclab/glimpse/presentation/view/CustomizeVibeDialog.kt;0
UNUSED_CLASS_METHOD;component1;/home/huy/Desktop/workspace/gitprojects/batmon/app/src/main/kotlin/com/android/synclab/glimpse/presentation/model/SettingItemUiModel.kt;0
UNUSED_CLASS_METHOD;valueOf;/home/huy/Desktop/workspace/gitprojects/batmon/app/src/main/kotlin/com/android/synclab/glimpse/presentation/model/EventChangeParam.kt;0
UNUSED_CLASS_METHOD;logDiagnosticInfo;/home/huy/Desktop/workspace/gitprojects/batmon/app/src/main/kotlin/com/android/synclab/glimpse/infra/repository/GamepadRepositoryImpl.kt;0
UNUSED_CLASS_METHOD;component3;/home/huy/Desktop/workspace/gitprojects/batmon/app/src/main/kotlin/com/android/synclab/glimpse/infra/repository/roomdb/core/ControllerProfileEntity.kt;0
UNUSED_CLASS_METHOD;component2;/home/huy/Desktop/workspace/gitprojects/batmon/app/src/main/kotlin/com/android/synclab/glimpse/infra/repository/roomdb/core/ControllerProfileEntity.kt;0
UNUSED_CLASS_METHOD;component6;/home/huy/Desktop/workspace/gitprojects/batmon/app/src/main/kotlin/com/android/synclab/glimpse/data/model/ControllerInfo.kt;0
UNUSED_FUNCTION_PARAMETER;$marker;/home/huy/Desktop/workspace/gitprojects/batmon/app/src/main/kotlin/com/android/synclab/glimpse/presentation/view/ChargingIconView.kt;21
UNUSED_CLASS_DATA_MEMBER_DECLARATION;$VALUES;/home/huy/Desktop/workspace/gitprojects/batmon/app/src/main/kotlin/com/android/synclab/glimpse/presentation/model/EventChangeParam.kt;0
UNUSED_CLASS_DATA_MEMBER_DECLARATION;ACTION_STOP_MONITORING;/home/huy/Desktop/workspace/gitprojects/batmon/app/src/main/kotlin/com/android/synclab/glimpse/presentation/BatteryOverlayService.kt;0
UNUSED_CLASS_METHOD;component4;/home/huy/Desktop/workspace/gitprojects/batmon/app/src/main/kotlin/com/android/synclab/glimpse/data/model/ControllerLightCommandResult.kt;0
UNUSED_CLASS_METHOD;component5;/home/huy/Desktop/workspace/gitprojects/batmon/app/src/main/kotlin/com/android/synclab/glimpse/presentation/model/SettingItemUiModel.kt;0
UNUSED_CLASS_METHOD;component3;/home/huy/Desktop/workspace/gitprojects/batmon/app/src/main/kotlin/com/android/synclab/glimpse/infra/repository/GamepadRepositoryImpl.kt;0
UNUSED_CLASS_METHOD;component2;/home/huy/Desktop/workspace/gitprojects/batmon/app/src/main/kotlin/com/android/synclab/glimpse/presentation/model/SettingItemUiModel.kt;0
UNUSED_CLASS_METHOD;component7;/home/huy/Desktop/workspace/gitprojects/batmon/app/src/main/kotlin/com/android/synclab/glimpse/presentation/model/SettingItemUiModel.kt;0
UNUSED_CLASS_METHOD;valueOf;/home/huy/Desktop/workspace/gitprojects/batmon/app/src/main/kotlin/com/android/synclab/glimpse/data/model/BatteryChargeStatus.kt;0
UNUSED_CLASS_METHOD;component3;/home/huy/Desktop/workspace/gitprojects/batmon/app/src/main/kotlin/com/android/synclab/glimpse/presentation/model/MainUiState.kt;0
UNUSED_FUNCTION_PARAMETER;it;/home/huy/Desktop/workspace/gitprojects/batmon/app/src/main/kotlin/com/android/synclab/glimpse/presentation/MainActivity.kt;469
UNUSED_FUNCTION_PARAMETER;$marker;/home/huy/Desktop/workspace/gitprojects/batmon/app/src/main/kotlin/com/android/synclab/glimpse/presentation/view/SettingsPanelView.kt;15
UNUSED_CLASS_DATA_MEMBER_DECLARATION;INSTANCE;/home/huy/Desktop/workspace/gitprojects/batmon/app/src/main/kotlin/com/android/synclab/glimpse/presentation/model/SettingItemUiModel.kt;0
UNUSED_CLASS_METHOD;component2;/home/huy/Desktop/workspace/gitprojects/batmon/app/src/main/kotlin/com/android/synclab/glimpse/presentation/model/SettingItemUiModel.kt;0
UNUSED_LOCAL_VARIABLE;$i$a$-takeIf-MainActivity$handleControllerProfileState$3;/home/huy/Desktop/workspace/gitprojects/batmon/app/src/main/kotlin/com/android/synclab/glimpse/presentation/MainActivity.kt;0
UNUSED_LOCAL_VARIABLE;$i$a$-let-MainActivity$loadControllerProfile$1$1$1;/home/huy/Desktop/workspace/gitprojects/batmon/app/src/main/kotlin/com/android/synclab/glimpse/presentation/MainActivity.kt;0
UNUSED_CLASS_DATA_MEMBER;$redSeekBar;/home/huy/Desktop/workspace/gitprojects/batmon/app/src/main/kotlin/com/android/synclab/glimpse/presentation/view/CustomizeVibeDialog.kt;0
UNUSED_FUNCTION_PARAMETER;$marker;/home/huy/Desktop/workspace/gitprojects/batmon/app/src/main/kotlin/com/android/synclab/glimpse/presentation/view/BatteryProgressView.kt;22
UNUSED_CLASS_METHOD;getEntries;/home/huy/Desktop/workspace/gitprojects/batmon/app/src/main/kotlin/com/android/synclab/glimpse/data/model/BatteryChargeStatus.kt;0
UNUSED_FUNCTION_PARAMETER;intent;/home/huy/Desktop/workspace/gitprojects/batmon/app/src/main/kotlin/com/android/synclab/glimpse/presentation/BatteryOverlayService.kt;171
UNUSED_CLASS_METHOD;SettingsPanelView;/home/huy/Desktop/workspace/gitprojects/batmon/app/src/main/kotlin/com/android/synclab/glimpse/presentation/view/SettingsPanelView.kt;0
UNUSED_CLASS_METHOD;component3;/home/huy/Desktop/workspace/gitprojects/batmon/app/src/main/kotlin/com/android/synclab/glimpse/data/model/ControllerInfo.kt;0
UNUSED_FUNCTION_PARAMETER;flags;/home/huy/Desktop/workspace/gitprojects/batmon/app/src/main/kotlin/com/android/synclab/glimpse/presentation/BatteryOverlayService.kt;83
UNUSED_CLASS_METHOD;invoke;/home/huy/Desktop/workspace/gitprojects/batmon/app/src/main/kotlin/com/android/synclab/glimpse/infra/repository/GamepadRepositoryImpl.kt;0
UNUSED_CLASS_DATA_MEMBER;$colorHexText;/home/huy/Desktop/workspace/gitprojects/batmon/app/src/main/kotlin/com/android/synclab/glimpse/presentation/view/CustomizeVibeDialog.kt;0
UNUSED_LOCAL_VARIABLE;$i$a$-onFailure-GamepadRepositoryImpl$obtainLightBarSession$4;/home/huy/Desktop/workspace/gitprojects/batmon/app/src/main/kotlin/com/android/synclab/glimpse/infra/repository/GamepadRepositoryImpl.kt;537
UNUSED_FUNCTION_PARAMETER;$constructor_marker;/home/huy/Desktop/workspace/gitprojects/batmon/app/src/main/kotlin/com/android/synclab/glimpse/presentation/view/SettingItemAdapter.kt;0
UNUSED_CLASS_METHOD;component3;/home/huy/Desktop/workspace/gitprojects/batmon/app/src/main/kotlin/com/android/synclab/glimpse/data/model/ControllerProfile.kt;0
UNUSED_CLASS_METHOD;component2;/home/huy/Desktop/workspace/gitprojects/batmon/app/src/main/kotlin/com/android/synclab/glimpse/data/model/ControllerLightCommandResult.kt;0
UNUSED_CLASS_DATA_MEMBER_DECLARATION;Companion;/home/huy/Desktop/workspace/gitprojects/batmon/app/src/main/kotlin/com/android/synclab/glimpse/presentation/view/SettingItemAdapter.kt;0
UNUSED_CLASS_METHOD;component9;/home/huy/Desktop/workspace/gitprojects/batmon/app/src/main/kotlin/com/android/synclab/glimpse/presentation/model/MainUiState.kt;0
UNUSED_LOCAL_VARIABLE;$i$f$firstOrNull;/home/huy/Desktop/workspace/gitprojects/batmon/app/src/main/kotlin/com/android/synclab/glimpse/infra/repository/GamepadRepositoryImpl.kt;634
UNUSED_CLASS_DATA_MEMBER_DECLARATION;Companion;/home/huy/Desktop/workspace/gitprojects/batmon/app/src/main/kotlin/com/android/synclab/glimpse/presentation/view/GlimpseToggleView.kt;0
UNUSED_CLASS_DATA_MEMBER;receiver;/home/huy/Desktop/workspace/gitprojects/batmon/app/src/main/kotlin/com/android/synclab/glimpse/infra/repository/GamepadRepositoryImpl.kt;0
UNUSED_LOCAL_VARIABLE;$i$a$-onFailure-MainActivity$requestOverlayPermission$2;/home/huy/Desktop/workspace/gitprojects/batmon/app/src/main/kotlin/com/android/synclab/glimpse/presentation/MainActivity.kt;495
UNUSED_CLASS_DATA_MEMBER;onToggleChanged;/home/huy/Desktop/workspace/gitprojects/batmon/app/src/main/kotlin/com/android/synclab/glimpse/presentation/view/SettingItemAdapter.kt;0
UNUSED_CLASS_METHOD;GlimpseToggleView;/home/huy/Desktop/workspace/gitprojects/batmon/app/src/main/kotlin/com/android/synclab/glimpse/presentation/view/GlimpseToggleView.kt;0
UNUSED_CLASS_METHOD;component1;/home/huy/Desktop/workspace/gitprojects/batmon/app/src/main/kotlin/com/android/synclab/glimpse/infra/repository/GamepadRepositoryImpl.kt;0
UNUSED_CLASS_METHOD;SettingsPanelView;/home/huy/Desktop/workspace/gitprojects/batmon/app/src/main/kotlin/com/android/synclab/glimpse/presentation/view/SettingsPanelView.kt;0
UNUSED_CLASS_METHOD;onStopTrackingTouch;/home/huy/Desktop/workspace/gitprojects/batmon/app/src/main/kotlin/com/android/synclab/glimpse/presentation/view/CustomizeVibeDialog.kt;0
UNUSED_FUNCTION_PARAMETER;seekBar;/home/huy/Desktop/workspace/gitprojects/batmon/app/src/main/kotlin/com/android/synclab/glimpse/presentation/view/CustomizeVibeDialog.kt;102
UNUSED_CLASS_METHOD;onInputDeviceRemoved;/home/huy/Desktop/workspace/gitprojects/batmon/app/src/main/kotlin/com/android/synclab/glimpse/presentation/MainActivity.kt;0
UNUSED_CLASS_METHOD;onStartCommand;/home/huy/Desktop/workspace/gitprojects/batmon/app/src/main/kotlin/com/android/synclab/glimpse/presentation/BatteryOverlayService.kt;0
UNUSED_CLASS_METHOD;component2;/home/huy/Desktop/workspace/gitprojects/batmon/app/src/main/kotlin/com/android/synclab/glimpse/data/model/ControllerInfo.kt;0
UNUSED_CLASS_METHOD;component1;/home/huy/Desktop/workspace/gitprojects/batmon/app/src/main/kotlin/com/android/synclab/glimpse/presentation/model/EventChangeParam.kt;0
UNUSED_FUNCTION_PARAMETER;$constructor_marker;/home/huy/Desktop/workspace/gitprojects/batmon/app/src/main/kotlin/com/android/synclab/glimpse/infra/repository/GamepadRepositoryImpl.kt;0
UNUSED_CLASS_DATA_MEMBER_DECLARATION;REQUEST_CODE_BLUETOOTH_CONNECT;/home/huy/Desktop/workspace/gitprojects/batmon/app/src/main/kotlin/com/android/synclab/glimpse/presentation/MainActivity.kt;0
UNUSED_LOCAL_VARIABLE;$i$a$-getOrElse-GamepadRepositoryImpl$setPs4ControllerLightColor$6$2$stateInfo$2;/home/huy/Desktop/workspace/gitprojects/batmon/app/src/main/kotlin/com/android/synclab/glimpse/infra/repository/GamepadRepositoryImpl.kt;0
UNUSED_CLASS_DATA_MEMBER;receiver;/home/huy/Desktop/workspace/gitprojects/batmon/app/src/main/kotlin/com/android/synclab/glimpse/presentation/MainActivity.kt;0
UNUSED_CLASS_DATA_MEMBER_DECLARATION;instance;/home/huy/Desktop/workspace/gitprojects/batmon/app/src/main/kotlin/com/android/synclab/glimpse/di/AppContainer.kt;0
UNUSED_CLASS_METHOD;component1;/home/huy/Desktop/workspace/gitprojects/batmon/app/src/main/kotlin/com/android/synclab/glimpse/data/model/ControllerInfo.kt;0
UNUSED_FUNCTION_PARAMETER;$constructor_marker;/home/huy/Desktop/workspace/gitprojects/batmon/app/src/main/kotlin/com/android/synclab/glimpse/presentation/BatteryOverlayService.kt;0
UNUSED_CLASS_DATA_MEMBER_DECLARATION;Companion;/home/huy/Desktop/workspace/gitprojects/batmon/app/src/main/kotlin/com/android/synclab/glimpse/infra/repository/GamepadRepositoryImpl.kt;0
UNUSED_CLASS_DATA_MEMBER;boundItem;/home/huy/Desktop/workspace/gitprojects/batmon/app/src/main/kotlin/com/android/synclab/glimpse/presentation/view/SettingItemAdapter.kt;0
UNUSED_FUNCTION_PARAMETER;it;/home/huy/Desktop/workspace/gitprojects/batmon/app/src/main/kotlin/com/android/synclab/glimpse/presentation/view/CustomizeVibeDialog.kt;135
UNUSED_CLASS_METHOD;logDiagnosticDebug;/home/huy/Desktop/workspace/gitprojects/batmon/app/src/main/kotlin/com/android/synclab/glimpse/infra/repository/GamepadRepositoryImpl.kt;0
UNUSED_CLASS_METHOD;invoke;/home/huy/Desktop/workspace/gitprojects/batmon/app/src/main/kotlin/com/android/synclab/glimpse/presentation/MainActivity.kt;0
UNUSED_CLASS_DATA_MEMBER_DECLARATION;FAILURE_TOAST_COOLDOWN_MS;/home/huy/Desktop/workspace/gitprojects/batmon/app/src/main/kotlin/com/android/synclab/glimpse/presentation/view/CustomizeVibeDialog.kt;0
UNUSED_CLASS_METHOD;component4;/home/huy/Desktop/workspace/gitprojects/batmon/app/src/main/kotlin/com/android/synclab/glimpse/presentation/model/SettingItemUiModel.kt;0
UNUSED_CLASS_DATA_MEMBER_DECLARATION;SONY_VENDOR_ID;/home/huy/Desktop/workspace/gitprojects/batmon/app/src/main/kotlin/com/android/synclab/glimpse/infra/repository/GamepadRepositoryImpl.kt;0
UNUSED_CLASS_METHOD;onInputDeviceChanged;/home/huy/Desktop/workspace/gitprojects/batmon/app/src/main/kotlin/com/android/synclab/glimpse/presentation/MainActivity.kt;0
UNUSED_CLASS_METHOD;component1;/home/huy/Desktop/workspace/gitprojects/batmon/app/src/main/kotlin/com/android/synclab/glimpse/presentation/model/MainUiState.kt;0
UNUSED_CLASS_DATA_MEMBER_DECLARATION;CHARGING_GLOW_RADIUS_DP;/home/huy/Desktop/workspace/gitprojects/batmon/app/src/main/kotlin/com/android/synclab/glimpse/presentation/MainActivity.kt;0
UNUSED_FUNCTION_PARAMETER;it;/home/huy/Desktop/workspace/gitprojects/batmon/app/src/main/kotlin/com/android/synclab/glimpse/presentation/view/CustomizeVibeDialog.kt;131
UNUSED_CLASS_METHOD;invoke;/home/huy/Desktop/workspace/gitprojects/batmon/app/src/main/kotlin/com/android/synclab/glimpse/presentation/MainActivity.kt;0
UNUSED_CLASS_DATA_MEMBER_DECLARATION;CHANNEL_ID;/home/huy/Desktop/workspace/gitprojects/batmon/app/src/main/kotlin/com/android/synclab/glimpse/presentation/BatteryOverlayService.kt;0
UNUSED_FUNCTION_PARAMETER;$constructor_marker;/home/huy/Desktop/workspace/gitprojects/batmon/app/src/main/kotlin/com/android/synclab/glimpse/infra/repository/roomdb/core/GlimpseDatabase.kt;0
UNUSED_FUNCTION_PARAMETER;seekBar;/home/huy/Desktop/workspace/gitprojects/batmon/app/src/main/kotlin/com/android/synclab/glimpse/presentation/view/CustomizeVibeDialog.kt;104
UNUSED_LOCAL_VARIABLE;$i$a$-getOrElse-InputDeviceLogUtils$buildBatteryInfo$2;/home/huy/Desktop/workspace/gitprojects/batmon/app/src/main/kotlin/com/android/synclab/glimpse/utils/InputDeviceLogUtils.kt;0
UNUSED_CLASS_DATA_MEMBER_DECLARATION;SERVICE_ACTION_STATE_SYNC_DELAY_MS;/home/huy/Desktop/workspace/gitprojects/batmon/app/src/main/kotlin/com/android/synclab/glimpse/presentation/MainActivity.kt;0
UNUSED_LOCAL_VARIABLE;$i$a$-logDiagnosticInfo-GamepadRepositoryImpl$applyColorToTarget$2;/home/huy/Desktop/workspace/gitprojects/batmon/app/src/main/kotlin/com/android/synclab/glimpse/infra/repository/GamepadRepositoryImpl.kt;0
UNUSED_FUNCTION_PARAMETER;viewType;/home/huy/Desktop/workspace/gitprojects/batmon/app/src/main/kotlin/com/android/synclab/glimpse/presentation/view/SettingItemAdapter.kt;51
UNUSED_LOCAL_VARIABLE;$i$a$-forEach-MainActivity$logInputDeviceCallback$2;/home/huy/Desktop/workspace/gitprojects/batmon/app/src/main/kotlin/com/android/synclab/glimpse/presentation/MainActivity.kt;674
UNUSED_CLASS_METHOD;getEntries;/home/huy/Desktop/workspace/gitprojects/batmon/app/src/main/kotlin/com/android/synclab/glimpse/presentation/model/MainUiState.kt;0
UNUSED_CLASS_DATA_MEMBER_DECLARATION;$ENTRIES;/home/huy/Desktop/workspace/gitprojects/batmon/app/src/main/kotlin/com/android/synclab/glimpse/presentation/model/EventChangeParam.kt;0
UNUSED_CLASS_DATA_MEMBER;receiver;/home/huy/Desktop/workspace/gitprojects/batmon/app/src/main/kotlin/com/android/synclab/glimpse/presentation/MainActivity.kt;0
UNUSED_CLASS_METHOD;isMonitoringEnabled;/home/huy/Desktop/workspace/gitprojects/batmon/app/src/main/kotlin/com/android/synclab/glimpse/presentation/BatteryOverlayService.kt;0
UNUSED_LOCAL_VARIABLE;$i$a$-takeIf-MainActivity$persistControllerProfile$deviceName$1;/home/huy/Desktop/workspace/gitprojects/batmon/app/src/main/kotlin/com/android/synclab/glimpse/presentation/MainActivity.kt;0
UNUSED_LOCAL_VARIABLE;$i$f$logDiagnosticDebug;/home/huy/Desktop/workspace/gitprojects/batmon/app/src/main/kotlin/com/android/synclab/glimpse/infra/repository/GamepadRepositoryImpl.kt;657
UNUSED_CLASS_DATA_MEMBER_DECLARATION;LOG_PREFIX;/home/huy/Desktop/workspace/gitprojects/batmon/app/src/main/kotlin/com/android/synclab/glimpse/infra/repository/GamepadRepositoryImpl.kt;0
UNUSED_CLASS_METHOD;getEntries;/home/huy/Desktop/workspace/gitprojects/batmon/app/src/main/kotlin/com/android/synclab/glimpse/presentation/model/SettingItemUiModel.kt;0
UNUSED_CLASS_METHOD;component5;/home/huy/Desktop/workspace/gitprojects/batmon/app/src/main/kotlin/com/android/synclab/glimpse/data/model/ControllerInfo.kt;0
UNUSED_CLASS_METHOD;BatteryOverlayService;/home/huy/Desktop/workspace/gitprojects/batmon/app/src/main/kotlin/com/android/synclab/glimpse/presentation/BatteryOverlayService.kt;0
UNUSED_CLASS_DATA_MEMBER;$blueSeekBar;/home/huy/Desktop/workspace/gitprojects/batmon/app/src/main/kotlin/com/android/synclab/glimpse/presentation/view/CustomizeVibeDialog.kt;0
UNUSED_LOCAL_VARIABLE;$i$a$-apply-BatteryProgressView$startChargingAnimator$1;/home/huy/Desktop/workspace/gitprojects/batmon/app/src/main/kotlin/com/android/synclab/glimpse/presentation/view/BatteryProgressView.kt;360
UNUSED_CLASS_DATA_MEMBER_DECLARATION;VIEW;/home/huy/Desktop/workspace/gitprojects/batmon/app/src/main/kotlin/com/android/synclab/glimpse/presentation/model/EventChangeParam.kt;0
UNUSED_CLASS_METHOD;BatteryProgressView;/home/huy/Desktop/workspace/gitprojects/batmon/app/src/main/kotlin/com/android/synclab/glimpse/presentation/view/BatteryProgressView.kt;0
UNUSED_CLASS_METHOD;invoke;/home/huy/Desktop/workspace/gitprojects/batmon/app/src/main/kotlin/com/android/synclab/glimpse/domain/usecase/DeleteControllerProfileUseCase.kt;0
